Workbook

Sheet 기성매출(정상기성)
A1: No. | B1: 구분 | C1: 중구분 | D1: 소구분 | E1: 당사투입일 | F1: 계약종결일 | G1: 협력사구분 | H1: 계약종결사유 | J1: 42411 | K1: 42441 | L1: 42471 | M1: 42501 | N1: 42531 | O1: 42561 | P1: 42591 | Q1: 42621 | R1: 42651 | S1: 42681 | T1: 42711 | U1: 42741 | V1: 42771 | W1: 42801 | X1: 42831 | Y1: 42861 | Z1: 42891 | AA1: 42921 | AB1: 42951 | AC1: 42981 | AD1: 43011 | AE1: 43041 | AF1: 43071 | AG1: 2018-01 | AH1: 43132 | AI1: 43161 | AJ1: 43191 | AK1: 43221 | AL1: 43281 | AM1: 43311 | AN1: 43341 | AO1: 43371 | AP1: 43401 | AQ1: 43431 | AR1: 43461 | AS1: 43491 | AT1: 43521 | AU1: 43551 | AV1: 43581 | AW1: 43611 | AX1: 43641 | AY1: 43671 | AZ1: 43701 | BA1: 43731 | BB1: 43761 | BC1: 43791 | BD1: 43821 | BE1: 43851 | BF1: 43881 | BG1: 43911 | BH1: 43941 | BI1: 43971 | BJ1: 44001 | BK1: 44031 | BL1: 44061 | BM1: 44091 | BN1: 44121 | BO1: 44151 | BP1: 44181 | BQ1: 44211 | BR1: 44241 | BS1: 44271 | BT1: 44301 | BU1: 44331 | BV1: 44361 | BW1: 44391 | BX1: 44421 | BY1: 44451 | BZ1: 44481 | CA1: 44511 | CB1: 44541 | CC1: 44571 | CD1: 44601 | CE1: 44631 | CF1: 44661 | CG1: 44691 | CH1: 44721 | CI1: 44751 | CJ1: 44781 | CK1: 44811 | CL1: 44841 | CM1: 44871 | CN1: 44901 | CO1: 44931 | CP1: 44961 | CQ1: 44991 | CR1: 45021 | CS1: 45051 | CT1: 45081 | CU1: 45111 | CV1: 45141 | CW1: 45171 | CX1: 45201 | CY1: 45231 | CZ1: 45261 | DA1: 45321 | DB1: 45351 | DC1: 45381 | DD1: 45411 | DE1: 45441 | DF1: 45471 | DG1: 45501 | DH1: 45531 | DI1: 45561 | DJ1: 45591 | DK1: (백만원)
A2: 1 | B2: 사업1 | C2: 협력1 | D2: 라인2 | E2: 42380 | F2: 43131 | G2: 정규 | H2: 경영악화 | J2: 453.327 | K2: 558.7399 | L2: 532.7579 | M2: 530.2251 | N2: 441.0694 | O2: 374.7732 | P2: 261.5682 | Q2: 343.0453 | R2: 615.4283 | S2: 865.4336 | T2: 628.6738 | U2: 524.0332 | V2: 498.3735 | W2: 588.6475 | X2: 523.3157 | Y2: 583.681 | Z2: 786.0001 | AA2: 728.4261 | AB2: 562.1748 | AC2: 585.5558 | AD2: 449.1202 | AE2: 553.6566 | AF2: 409.6134 | AG2: 141.1357 | AH2: 0 | AI2: 0 | AJ2: 0 | AK2: 0 | AL2: 0 | AM2: 0 | AN2: 0 | AO2: 0 | AP2: 0 | AQ2: 0 | AR2: 0 | AS2: 0 | AT2: 0 | AU2: 0 | AV2: 0 | AW2: 0 | AX2: 0 | AY2: 0 | AZ2: 0 | BA2: 0 | BB2: 0 | BC2: 0 | BD2: 0 | BE2: 0 | BF2: 0 | BG2: 0 | BH2: 0 | BI2: 0 | BJ2: 0 | BK2: 0 | BL2: 0 | BM2: 0 | BN2: 0 | BO2: 0 | BP2: 0 | BQ2: 0 | BR2: 0 | BS2: 0 | BT2: 0 | BU2: 0 | BV2: 0 | BW2: 0 | BX2: 0 | BY2: 0 | BZ2: 0 | CA2: 0 | CB2: 0 | CC2: 0 | CD2: 0 | CE2: 0 | CF2: 0 | CG2: 0 | CH2: 0 | CI2: 0 | CJ2: 0 | CK2: 0 | CL2: 0 | CM2: 0 | CN2: 0 | CO2: 0 | CP2: 0 | CQ2: 0 | CR2: 0 | CS2: 0 | CT2: 0 | CU2: 0 | CV2: 0 | CW2: 0 | CX2: 0 | CY2: 0 | CZ2: 0 | DA2: 0 | DB2: 0 | DC2: 0 | DD2: 0 | DE2: 0 | DF2: 0 | DG2: 0 | DH2: 0 | DI2: 0 | DJ2: 0
A3: 2 | B3: 사업1 | C3: 협력1 | D3: 외장1 | E3: 35149 | F3: 43131 | G3: 정규 | H3: 경영악화 | J3: 983.516 | K3: 1137.4032 | L3: 1026.0271 | M3: 925.1828 | N3: 1024.7134 | O3: 950.302 | P3: 757.2923 | Q3: 831.425 | R3: 850.7039 | S3: 977.9452 | T3: 1088.5089 | U3: 1053.4939 | V3: 869.0644 | W3: 1319.8517 | X3: 904.6311 | Y3: 504.2026 | Z3: 717.333 | AA3: 773.3102 | AB3: 389.0658 | AC3: 376.0973 | AD3: 200.158 | AE3: 131.0015 | AF3: 222.158 | AG3: 372.1489 | AH3: 0 | AI3: 0 | AJ3: 0 | AK3: 0 | AL3: 0 | AM3: 0 | AN3: 0 | AO3: 0 | AP3: 0 | AQ3: 0 | AR3: 0 | AS3: 0 | AT3: 0 | AU3: 0 | AV3: 0 | AW3: 0 | AX3: 0 | AY3: 0 | AZ3: 0 | BA3: 0 | BB3: 0 | BC3: 0 | BD3: 0 | BE3: 0 | BF3: 0 | BG3: 0 | BH3: 0 | BI3: 0 | BJ3: 0 | BK3: 0 | BL3: 0 | BM3: 0 | BN3: 0 | BO3: 0 | BP3: 0 | BQ3: 0 | BR3: 0 | BS3: 0 | BT3: 0 | BU3: 0 | BV3: 0 | BW3: 0 | BX3: 0 | BY3: 0 | BZ3: 0 | CA3: 0 | CB3: 0 | CC3: 0 | CD3: 0 | CE3: 0 | CF3: 0 | CG3: 0 | CH3: 0 | CI3: 0 | CJ3: 0 | CK3: 0 | CL3: 0 | CM3: 0 | CN3: 0 | CO3: 0 | CP3: 0 | CQ3: 0 | CR3: 0 | CS3: 0 | CT3: 0 | CU3: 0 | CV3: 0 | CW3: 0 | CX3: 0 | CY3: 0 | CZ3: 0 | DA3: 0 | DB3: 0 | DC3: 0 | DD3: 0 | DE3: 0 | DF3: 0 | DG3: 0 | DH3: 0 | DI3: 0 | DJ3: 0
A4: 3 | B4: 사업1 | C4: 협력1 | D4: 공사 | E4: 38071 | F4: 43159 | G4: 정규 | H4: 경영악화 | J4: 256.488 | K4: 345.1983 | L4: 346.409 | M4: 364.9295 | N4: 436.2587 | O4: 382.5379 | P4: 374.9276 | Q4: 383.5977 | R4: 272.6069 | S4: 400.5872 | T4: 470.6888 | U4: 336.6214 | V4: 279.3631 | W4: 354.7 | X4: 345.6489 | Y4: 514.2632 | Z4: 465.3339 | AA4: 531.5195 | AB4: 683.8954 | AC4: 645.9234 | AD4: 383.4593 | AE4: 518.6675 | AF4: 349.3319 | AG4: 315.8265 | AH4: 286.9703 | AI4: 0.0935 | AJ4: 0 | AK4: 0 | AL4: 0 | AM4: 0 | AN4: 0 | AO4: 0 | AP4: 0 | AQ4: 0 | AR4: 0 | AS4: 0 | AT4: 0 | AU4: 0 | AV4: 0 | AW4: 0 | AX4: 0 | AY4: 0 | AZ4: 0 | BA4: 0 | BB4: 0 | BC4: 0 | BD4: 0 | BE4: 0 | BF4: 0 | BG4: 0 | BH4: 0 | BI4: 0 | BJ4: 0 | BK4: 0 | BL4: 0 | BM4: 0 | BN4: 0 | BO4: 0 | BP4: 0 | BQ4: 0 | BR4: 0 | BS4: 0 | BT4: 0 | BU4: 0 | BV4: 0 | BW4: 0 | BX4: 0 | BY4: 0 | BZ4: 0 | CA4: 0 | CB4: 0 | CC4: 0 | CD4: 0 | CE4: 0 | CF4: 0 | CG4: 0 | CH4: 0 | CI4: 0 | CJ4: 0 | CK4: 0 | CL4: 0 | CM4: 0 | CN4: 0 | CO4: 0 | CP4: 0 | CQ4: 0 | CR4: 0 | CS4: 0 | CT4: 0 | CU4: 0 | CV4: 0 | CW4: 0 | CX4: 0 | CY4: 0 | CZ4: 0 | DA4: 0 | DB4: 0 | DC4: 0 | DD4: 0 | DE4: 0 | DF4: 0 | DG4: 0 | DH4: 0 | DI4: 0 | DJ4: 0
A5: 4 | B5: 사업2 | C5: 협력1 | D5: 라인2 | E5: 42292 | F5: 43190 | G5: 정규 | H5: 경영악화 | J5: 583.962 | K5: 467.977 | L5: 954.9428 | M5: 1046.2715 | N5: 369.3873 | O5: 403.2117 | P5: 361.1193 | Q5: 290.4382 | R5: 367.9593 | S5: 364.7032 | T5: 425.9354 | U5: 317.1039 | V5: 235.3092 | W5: 275.3885 | X5: 362.1109 | Y5: 287.2105 | Z5: 505.6637 | AA5: 672.8365 | AB5: 858.6145 | AC5: 1029.8255 | AD5: 1121.9262 | AE5: 1095.8291 | AF5: 584.4914 | AG5: 386.0519 | AH5: 96.8305 | AI5: 12.854 | AJ5: 0 | AK5: 0 | AL5: 156.6732 | AM5: 0 | AN5: 0 | AO5: 0 | AP5: 0 | AQ5: 0 | AR5: 0 | AS5: 0 | AT5: 0 | AU5: 0 | AV5: 0 | AW5: 0 | AX5: 0 | AY5: 0 | AZ5: 0 | BA5: 0 | BB5: 0 | BC5: 0 | BD5: 0 | BE5: 0 | BF5: 0 | BG5: 0 | BH5: 0 | BI5: 0 | BJ5: 0 | BK5: 0 | BL5: 0 | BM5: 0 | BN5: 0 | BO5: 0 | BP5: 0 | BQ5: 0 | BR5: 0 | BS5: 0 | BT5: 0 | BU5: 0 | BV5: 0 | BW5: 0 | BX5: 0 | BY5: 0 | BZ5: 0 | CA5: 0 | CB5: 0 | CC5: 0 | CD5: 0 | CE5: 0 | CF5: 0 | CG5: 0 | CH5: 0 | CI5: 0 | CJ5: 0 | CK5: 0 | CL5: 0 | CM5: 0 | CN5: 0 | CO5: 0 | CP5: 0 | CQ5: 0 | CR5: 0 | CS5: 0 | CT5: 0 | CU5: 0 | CV5: 0 | CW5: 0 | CX5: 0 | CY5: 0 | CZ5: 0 | DA5: 0 | DB5: 0 | DC5: 0 | DD5: 0 | DE5: 0 | DF5: 0 | DG5: 0 | DH5: 0 | DI5: 0 | DJ5: 0
A6: 5 | B6: 사업1 | C6: 협력1 | D6: 공사 | E6: 43161 | F6: 43312 | G6: 정규 | H6: 경영악화 | J6: 0 | K6: 0 | L6: 0 | M6: 0 | N6: 0 | O6: 0 | P6: 0 | Q6: 0 | R6: 0 | S6: 0 | T6: 0 | U6: 0 | V6: 0 | W6: 0 | X6: 0 | Y6: 0 | Z6: 0 | AA6: 0 | AB6: 0 | AC6: 0 | AD6: 0 | AE6: 0 | AF6: 0 | AG6: 0 | AH6: 0 | AI6: 557.5695 | AJ6: 577.2238 | AK6: 579.5762 | AL6: 460.3811 | AM6: 481.6792 | AN6: 0 | AO6: 0 | AP6: 0 | AQ6: 0 | AR6: 0 | AS6: 0 | AT6: 0 | AU6: 0 | AV6: 0 | AW6: 0 | AX6: 0 | AY6: 0 | AZ6: 0 | BA6: 0 | BB6: 0 | BC6: 0 | BD6: 0 | BE6: 0 | BF6: 0 | BG6: 0 | BH6: 0 | BI6: 0 | BJ6: 0 | BK6: 0 | BL6: 0 | BM6: 0 | BN6: 0 | BO6: 0 | BP6: 0 | BQ6: 0 | BR6: 0 | BS6: 0 | BT6: 0 | BU6: 0 | BV6: 0 | BW6: 0 | BX6: 0 | BY6: 0 | BZ6: 0 | CA6: 0 | CB6: 0 | CC6: 0 | CD6: 0 | CE6: 0 | CF6: 0 | CG6: 0 | CH6: 0 | CI6: 0 | CJ6: 0 | CK6: 0 | CL6: 0 | CM6: 0 | CN6: 0 | CO6: 0 | CP6: 0 | CQ6: 0 | CR6: 0 | CS6: 0 | CT6: 0 | CU6: 0 | CV6: 0 | CW6: 0 | CX6: 0 | CY6: 0 | CZ6: 0 | DA6: 0 | DB6: 0 | DC6: 0 | DD6: 0 | DE6: 0 | DF6: 0 | DG6: 0 | DH6: 0 | DI6: 0 | DJ6: 0
A7: 6 | B7: 사업2 | C7: 협력1 | D7: 라인2 | E7: 37956 | F7: 43312 | G7: 정규 | H7: 경영악화 | J7: 930.94 | K7: 1049.8822 | L7: 1064.2057 | M7: 997.5476 | N7: 947.7063 | O7: 834.0997 | P7: 482.7638 | Q7: 397.2185 | R7: 579.4922 | S7: 750.3251 | T7: 831.2399 | U7: 863.0028 | V7: 687.9662 | W7: 809.5136 | X7: 518.575 | Y7: 351.6913 | Z7: 363.695 | AA7: 490.1567 | AB7: 415.9464 | AC7: 346.179 | AD7: 199.8334 | AE7: 223.6371 | AF7: 258.8873 | AG7: 249.1035 | AH7: 182.8972 | AI7: 236.4058 | AJ7: 283.4772 | AK7: 333.8054 | AL7: 306.1659 | AM7: 378.7198 | AN7: 8.9779 | AO7: 0 | AP7: 0 | AQ7: 0 | AR7: 0 | AS7: 0 | AT7: 0 | AU7: 0 | AV7: 0 | AW7: 0 | AX7: 0 | AY7: 0 | AZ7: 0 | BA7: 0 | BB7: 0 | BC7: 0 | BD7: 0 | BE7: 0 | BF7: 0 | BG7: 0 | BH7: 0 | BI7: 0 | BJ7: 0 | BK7: 0 | BL7: 0 | BM7: 0 | BN7: 0 | BO7: 0 | BP7: 0 | BQ7: 0 | BR7: 0 | BS7: 0 | BT7: 0 | BU7: 0 | BV7: 0 | BW7: 0 | BX7: 0 | BY7: 0 | BZ7: 0 | CA7: 0 | CB7: 0 | CC7: 0 | CD7: 0 | CE7: 0 | CF7: 0 | CG7: 0 | CH7: 0 | CI7: 0 | CJ7: 0 | CK7: 0 | CL7: 0 | CM7: 0 | CN7: 0 | CO7: 0 | CP7: 0 | CQ7: 0 | CR7: 0 | CS7: 0 | CT7: 0 | CU7: 0 | CV7: 0 | CW7: 0 | CX7: 0 | CY7: 0 | CZ7: 0 | DA7: 0 | DB7: 0 | DC7: 0 | DD7: 0 | DE7: 0 | DF7: 0 | DG7: 0 | DH7: 0 | DI7: 0 | DJ7: 0
A8: 7 | B8: 사업1 | C8: 협력1 | D8: 외장1 | E8: 39783 | F8: 43570 | G8: 정규 | H8: 경영악화 | J8: 1435.36 | K8: 1679.354 | L8: 1686.5181 | M8: 1467.1483 | N8: 1360.8938 | O8: 937.7618 | P8: 833.4265 | Q8: 838.6153 | R8: 1030.6896 | S8: 1291.7399 | T8: 1396.6137 | U8: 1131.5454 | V8: 1032.2003 | W8: 1207.5422 | X8: 1061.0658 | Y8: 942.1495 | Z8: 1339.7652 | AA8: 1302.5985 | AB8: 698.7134 | AC8: 707.7552 | AD8: 571.6216 | AE8: 708.9029 | AF8: 604.2682 | AG8: 572.4377 | AH8: 400.4573 | AI8: 351.8887 | AJ8: 389.3899 | AK8: 524.2733 | AL8: 481.6205 | AM8: 485.6526 | AN8: 317.8697 | AO8: 301.4988 | AP8: 0 | AQ8: 0 | AR8: 0 | AS8: 0 | AT8: 0.4102 | AU8: 0 | AV8: 0 | AW8: 0.0368 | AX8: 0 | AY8: 0 | AZ8: 0 | BA8: 0 | BB8: 0 | BC8: 0 | BD8: 0 | BE8: 0 | BF8: 0 | BG8: 0 | BH8: 0 | BI8: 0 | BJ8: 0 | BK8: 0 | BL8: 0 | BM8: 0 | BN8: 0 | BO8: 0 | BP8: 0 | BQ8: 0 | BR8: 0 | BS8: 0 | BT8: 0 | BU8: 0 | BV8: 0 | BW8: 0 | BX8: 0 | BY8: 0 | BZ8: 0 | CA8: 0 | CB8: 0 | CC8: 0 | CD8: 0 | CE8: 0 | CF8: 0 | CG8: 0 | CH8: 0 | CI8: 0 | CJ8: 0 | CK8: 0 | CL8: 0 | CM8: 0 | CN8: 0 | CO8: 0 | CP8: 0 | CQ8: 0 | CR8: 0 | CS8: 0 | CT8: 0 | CU8: 0 | CV8: 0 | CW8: 0 | CX8: 0 | CY8: 0 | CZ8: 0 | DA8: 0 | DB8: 0 | DC8: 0 | DD8: 0 | DE8: 0 | DF8: 0 | DG8: 0 | DH8: 0 | DI8: 0 | DJ8: 0
A9: 8 | B9: 사업1 | C9: 협력1 | D9: 공사 | E9: 43161 | F9: 43793 | G9: 정규 | H9: 경영악화 | J9: 0 | K9: 0 | L9: 0 | M9: 0 | N9: 0 | O9: 0 | P9: 0 | Q9: 0 | R9: 0 | S9: 0 | T9: 0 | U9: 0 | V9: 0 | W9: 0 | X9: 0 | Y9: 0 | Z9: 0 | AA9: 0 | AB9: 0 | AC9: 0 | AD9: 0 | AE9: 0 | AF9: 0 | AG9: 0 | AH9: 0 | AI9: 565.0912 | AJ9: 604.2831 | AK9: 585.9307 | AL9: 447.9297 | AM9: 570.737 | AN9: 434.4747 | AO9: 483.81 | AP9: 427.6568 | AQ9: 565.1353 | AR9: 368.7702 | AS9: 290.5597 | AT9: 164.8238 | AU9: 3.8673 | AV9: 0 | AW9: 6.6675 | AX9: 26.6888 | AY9: 257.504 | AZ9: 355.5253 | BA9: 413.9322 | BB9: 605.3984 | BC9: 299.4632 | BD9: 0 | BE9: 0 | BF9: 0 | BG9: 0 | BH9: 0 | BI9: 0 | BJ9: 0 | BK9: 0 | BL9: 0 | BM9: 0 | BN9: 0 | BO9: 0 | BP9: 0 | BQ9: 0 | BR9: 0 | BS9: 0 | BT9: 0 | BU9: 0 | BV9: 0 | BW9: 0 | BX9: 0 | BY9: 0 | BZ9: 0 | CA9: 0 | CB9: 0 | CC9: 0 | CD9: 0 | CE9: 0 | CF9: 0 | CG9: 0 | CH9: 0 | CI9: 0 | CJ9: 0 | CK9: 0 | CL9: 0 | CM9: 0 | CN9: 0 | CO9: 0 | CP9: 0 | CQ9: 0 | CR9: 0 | CS9: 0 | CT9: 0 | CU9: 0 | CV9: 0 | CW9: 0 | CX9: 0 | CY9: 0 | CZ9: 0 | DA9: 0 | DB9: 0 | DC9: 0 | DD9: 0 | DE9: 0 | DF9: 0 | DG9: 0 | DH9: 0 | DI9: 0 | DJ9: 0
A10: 9 | B10: 사업1 | C10: 협력2 | D10: 지원 | E10: 39203 | F10: 43799 | G10: 정규 | H10: 경영악화 | J10: 600.174 | K10: 698.7824 | L10: 712.5239 | M10: 682.2686 | N10: 708.8328 | O10: 569.2783 | P10: 358.8489 | Q10: 507.878 | R10: 509.8913 | S10: 570.4224 | T10: 601.2218 | U10: 555.7593 | V10: 525.2391 | W10: 600.0745 | X10: 474.5013 | Y10: 391.344 | Z10: 446.8432 | AA10: 542.5439 | AB10: 449.2978 | AC10: 485.9595 | AD10: 377.3565 | AE10: 416.214 | AF10: 409.1535 | AG10: 182.883 | AH10: 220.662 | AI10: 176.8946 | AJ10: 199.5606 | AK10: 246.7398 | AL10: 264.5467 | AM10: 208.6711 | AN10: 154.6834 | AO10: 157.2506 | AP10: 164.6555 | AQ10: 229.4719 | AR10: 159.7929 | AS10: 177.07 | AT10: 160.7846 | AU10: 220.9532 | AV10: 377.8339 | AW10: 293.4919 | AX10: 245.4606 | AY10: 313.6124 | AZ10: 274.1406 | BA10: 309.9457 | BB10: 344.0788 | BC10: 335.1368 | BD10: 0 | BE10: 0 | BF10: 0 | BG10: 0 | BH10: 0 | BI10: 0 | BJ10: 0 | BK10: 0 | BL10: 0 | BM10: 0 | BN10: 0 | BO10: 0 | BP10: 0 | BQ10: 0 | BR10: 0 | BS10: 0 | BT10: 0 | BU10: 0 | BV10: 0 | BW10: 0 | BX10: 0 | BY10: 0 | BZ10: 0 | CA10: 0 | CB10: 0 | CC10: 0 | CD10: 0 | CE10: 0 | CF10: 0 | CG10: 0 | CH10: 0 | CI10: 0 | CJ10: 0 | CK10: 0 | CL10: 0 | CM10: 0 | CN10: 0 | CO10: 0 | CP10: 0 | CQ10: 0 | CR10: 0 | CS10: 0 | CT10: 0 | CU10: 0 | CV10: 0 | CW10: 0 | CX10: 0 | CY10: 0 | CZ10: 0 | DA10: 0 | DB10: 0 | DC10: 0 | DD10: 0 | DE10: 0 | DF10: 0 | DG10: 0 | DH10: 0 | DI10: 0 | DJ10: 0
A11: 10 | B11: 사업2 | C11: 협력1 | D11: 외장1 | E11: 41836 | F11: 43814 | G11: 정규 | H11: 경영악화 | J11: 1129.778 | K11: 1157.6521 | L11: 1066.3825 | M11: 938.3066 | N11: 954.3481 | O11: 839.3905 | P11: 903.1369 | Q11: 896.3088 | R11: 919.1032 | S11: 629.5232 | T11: 1243.334 | U11: 645.382 | V11: 826.4476 | W11: 687.043 | X11: 791.9838 | Y11: 810.7162 | Z11: 1267.2025 | AA11: 1157.8348 | AB11: 646.9624 | AC11: 776.2486 | AD11: 616.4304 | AE11: 813.7125 | AF11: 683.2865 | AG11: 634.7676 | AH11: 521.2551 | AI11: 589.7322 | AJ11: 331.2515 | AK11: 218.9031 | AL11: 218.5141 | AM11: 249.3229 | AN11: 255.0102 | AO11: 218.8611 | AP11: 188.7551 | AQ11: 178.1279 | AR11: 121.6148 | AS11: 57.4207 | AT11: 68.8432 | AU11: 101.3949 | AV11: 129.1894 | AW11: 228.7575 | AX11: 382.1841 | AY11: 875.9025 | AZ11: 822.7217 | BA11: 848.7929 | BB11: 1114.6629 | BC11: 856.6576 | BD11: 24.075 | BE11: 0 | BF11: 0 | BG11: 0 | BH11: 0 | BI11: 0 | BJ11: 0 | BK11: 0 | BL11: 0 | BM11: 0 | BN11: 0 | BO11: 0 | BP11: 0 | BQ11: 0 | BR11: 0 | BS11: 0 | BT11: 0 | BU11: 0 | BV11: 0 | BW11: 0 | BX11: 0 | BY11: 0 | BZ11: 0 | CA11: 0 | CB11: 0 | CC11: 0 | CD11: 0 | CE11: 0 | CF11: 0 | CG11: 0 | CH11: 0 | CI11: 0 | CJ11: 0 | CK11: 0 | CL11: 0 | CM11: 0 | CN11: 0 | CO11: 0 | CP11: 0 | CQ11: 0 | CR11: 0 | CS11: 0 | CT11: 0 | CU11: 0 | CV11: 0 | CW11: 0 | CX11: 0 | CY11: 0 | CZ11: 0 | DA11: 0 | DB11: 0 | DC11: 0 | DD11: 0 | DE11: 0 | DF11: 0 | DG11: 0 | DH11: 0 | DI11: 0 | DJ11: 0
A12: 11 | B12: 사업1 | C12: 협력2 | D12: 공사 | E12: 40238 | F12: 44165 | G12: 정규 | H12: 경영악화 | J12: 760.23 | K12: 691.204 | L12: 671.6579 | M12: 582.5274 | N12: 477.9484 | O12: 482.9776 | P12: 445.4791 | Q12: 479.6986 | R12: 493.3431 | S12: 469.617 | T12: 504.0682 | U12: 531.6697 | V12: 472.1255 | W12: 447.266 | X12: 468.9405 | Y12: 231.8968 | Z12: 306.4715 | AA12: 254.1975 | AB12: 65.8552 | AC12: 166.6124 | AD12: 109.0179 | AE12: 138.2494 | AF12: 154.1412 | AG12: 202.2905 | AH12: 251.71 | AI12: 245.3136 | AJ12: 211.2881 | AK12: 189.3968 | AL12: 261.6524 | AM12: 299.1575 | AN12: 209.685 | AO12: 203.9188 | AP12: 218.2695 | AQ12: 258.4624 | AR12: 275.9034 | AS12: 298.6181 | AT12: 337.6886 | AU12: 325.7166 | AV12: 331.4488 | AW12: 259.0333 | AX12: 386.7963 | AY12: 427.8341 | AZ12: 416.0492 | BA12: 356.3753 | BB12: 335.5525 | BC12: 337.6049 | BD12: 277.2698 | BE12: 180.1553 | BF12: 0 | BG12: 14.5445 | BH12: 46.146 | BI12: 127.1638 | BJ12: 216.1301 | BK12: 177.087 | BL12: 171.9603 | BM12: 332.8521 | BN12: 243.1742 | BO12: 145.5182 | BP12: 0 | BQ12: 0 | BR12: 0 | BS12: 0 | BT12: 0 | BU12: 0 | BV12: 0 | BW12: 0 | BX12: 0 | BY12: 0 | BZ12: 0 | CA12: 0 | CB12: 0 | CC12: 0 | CD12: 0 | CE12: 0 | CF12: 0 | CG12: 0 | CH12: 0 | CI12: 0 | CJ12: 0 | CK12: 0 | CL12: 0 | CM12: 0 | CN12: 0 | CO12: 0 | CP12: 0 | CQ12: 0 | CR12: 0 | CS12: 0 | CT12: 0 | CU12: 0 | CV12: 0 | CW12: 0 | CX12: 0 | CY12: 0 | CZ12: 0 | DA12: 0 | DB12: 0 | DC12: 0 | DD12: 0 | DE12: 0 | DF12: 0 | DG12: 0 | DH12: 0 | DI12: 0 | DJ12: 0
A13: 12 | B13: 사업1 | C13: 협력2 | D13: 공사 | E13: 42339 | F13: 44196 | G13: 정규 | H13: 경영악화 | J13: 689.491 | K13: 525.1249 | L13: 485.6069 | M13: 504.4704 | N13: 527.9372 | O13: 449.4603 | P13: 516.59 | Q13: 545.8184 | R13: 744.2537 | S13: 709.9895 | T13: 721.6346 | U13: 754.1636 | V13: 455.1791 | W13: 494.7179 | X13: 496.3256 | Y13: 351.1524 | Z13: 382.4512 | AA13: 359.0159 | AB13: 233.2599 | AC13: 420.1386 | AD13: 236.4399 | AE13: 200.053 | AF13: 97.8033 | AG13: 115.4265 | AH13: 163.1722 | AI13: 203.1131 | AJ13: 193.6809 | AK13: 214.0156 | AL13: 289.078 | AM13: 393.8579 | AN13: 325.2554 | AO13: 221.1916 | AP13: 255.638 | AQ13: 334.2351 | AR13: 367.3001 | AS13: 419.7861 | AT13: 375.6506 | AU13: 372.7719 | AV13: 300.6901 | AW13: 351.2833 | AX13: 354.0359 | AY13: 416.8502 | AZ13: 390.3922 | BA13: 383.3187 | BB13: 342.709 | BC13: 350.9396 | BD13: 214.8359 | BE13: 0 | BF13: 66.7668 | BG13: 194.9323 | BH13: 221.7323 | BI13: 298.1878 | BJ13: 325.2683 | BK13: 273.7795 | BL13: 274.7572 | BM13: 297.5164 | BN13: 352.3082 | BO13: 222.1231 | BP13: 86.672 | BQ13: 74.8262 | BR13: 0 | BS13: 0 | BT13: 0 | BU13: 0 | BV13: 0 | BW13: 0 | BX13: 0 | BY13: 0 | BZ13: 0 | CA13: 0 | CB13: 0 | CC13: 0 | CD13: 0 | CE13: 0 | CF13: 0 | CG13: 0 | CH13: 0 | CI13: 0 | CJ13: 0 | CK13: 0 | CL13: 0 | CM13: 0 | CN13: 0 | CO13: 0 | CP13: 0 | CQ13: 0 | CR13: 0 | CS13: 0 | CT13: 0 | CU13: 0 | CV13: 0 | CW13: 0 | CX13: 0 | CY13: 0 | CZ13: 0 | DA13: 0 | DB13: 0 | DC13: 0 | DD13: 0 | DE13: 0 | DF13: 0 | DG13: 0 | DH13: 0 | DI13: 0 | DJ13: 0
... A45: 44 | B45: 사업1 | C45: 협력2 | D45: 공장3 | E45: 43466 | F45: 45565 | G45: 정규 | H45: 경영악화 | J45: 0 | K45: 0 | L45: 0 | M45: 0 | N45: 0 | O45: 0 | P45: 0 | Q45: 0 | R45: 0 | S45: 0 | T45: 0 | U45: 0 | V45: 0 | W45: 0 | X45: 0 | Y45: 0 | Z45: 0 | AA45: 0 | AB45: 0 | AC45: 0 | AD45: 0 | AE45: 0 | AF45: 0 | AG45: 0 | AH45: 0 | AI45: 0 | AJ45: 0 | AK45: 0 | AL45: 0 | AM45: 0 | AN45: 0 | AO45: 0 | AP45: 0 | AQ45: 0 | AR45: 0 | AS45: 416.4396 | AT45: 379.2385 | AU45: 421.961 | AV45: 438.5306 | AW45: 424.5112 | AX45: 474.5341 | AY45: 462.1857 | AZ45: 366.6195 | BA45: 447.0526 | BB45: 456.9246 | BC45: 465.156 | BD45: 465.5624 | BE45: 451.8779 | BF45: 402.3578 | BG45: 400.28 | BH45: 355.5974 | BI45: 368.6698 | BJ45: 387.8402 | BK45: 419.379 | BL45: 266.2239 | BM45: 398.0493 | BN45: 342.3064 | BO45: 364.5191 | BP45: 302.2311 | BQ45: 351.4868 | BR45: 267.5843 | BS45: 295.9252 | BT45: 277.1343 | BU45: 320.3099 | BV45: 309.0409 | BW45: 273.6681 | BX45: 246.0446 | BY45: 246.2686 | BZ45: 383.8322 | CA45: 384.2661 | CB45: 403.0086 | CC45: 410.3826 | CD45: 356.1457 | CE45: 409.6749 | CF45: 399.991 | CG45: 408.3734 | CH45: 385.8075 | CI45: 421.1813 | CJ45: 331.7275 | CK45: 380.7886 | CL45: 344.6479 | CM45: 340.1077 | CN45: 391.6447 | CO45: 443.2931 | CP45: 436.1004 | CQ45: 452.6743 | CR45: 137.6295 | CS45: 141.8505 | CT45: 653.4427 | CU45: 417.0447 | CV45: 520.9727 | CW45: 329.2368 | CX45: 384.8172 | CY45: 406.7133 | CZ45: 456.3217 | DA45: 367.2784 | DB45: 335.8787 | DC45: 346.094 | DD45: 621.7671 | DE45: 623.3914 | DF45: 342.7519 | DG45: 378.8741 | DH45: 361.157 | DI45: 266.6047 | DJ45: 0.5879
A46: 45 | B46: 사업1 | C46: 협력2 | D46: 지원 | E46: 34790 | F46: - | G46: 정규 | H46: 거래중 | J46: 480.904 | K46: 574.4518 | L46: 554.3706 | M46: 434.1285 | N46: 534.6191 | O46: 453.6603 | P46: 480.9095 | Q46: 542.6227 | R46: 683.0259 | S46: 664.979 | T46: 699.2854 | U46: 496.479 | V46: 444.4653 | W46: 477.7764 | X46: 449.0727 | Y46: 299.1105 | Z46: 446.807 | AA46: 235.9667 | AB46: 295.5371 | AC46: 368.9708 | AD46: 199.5302 | AE46: 226.3235 | AF46: 189.706 | AG46: 221.9229 | AH46: 113.9535 | AI46: 149.2833 | AJ46: 121.9844 | AK46: 147.5199 | AL46: 245.8618 | AM46: 321.4797 | AN46: 173.4016 | AO46: 197.6677 | AP46: 319.7083 | AQ46: 349.2966 | AR46: 295.6235 | AS46: 279.1591 | AT46: 289.1724 | AU46: 283.9888 | AV46: 267.3162 | AW46: 341.3982 | AX46: 299.0184 | AY46: 329.0852 | AZ46: 304.9958 | BA46: 274.0642 | BB46: 230.1214 | BC46: 284.663 | BD46: 722.7831 | BE46: 696.3031 | BF46: 753.9443 | BG46: 767.6233 | BH46: 786.3663 | BI46: 659.7731 | BJ46: 1072.6239 | BK46: 540.598 | BL46: 492.4525 | BM46: 519.0564 | BN46: 533.7354 | BO46: 582.9641 | BP46: 588.6937 | BQ46: 581.5747 | BR46: 510.5518 | BS46: 637.1808 | BT46: 548.7649 | BU46: 527.8332 | BV46: 526.9631 | BW46: 496.9518 | BX46: 396.174 | BY46: 385.4044 | BZ46: 460.0582 | CA46: 505.6252 | CB46: 480.96 | CC46: 406.3506 | CD46: 327.442 | CE46: 416.6682 | CF46: 407.4378 | CG46: 461.2665 | CH46: 364.9062 | CI46: 365.3897 | CJ46: 322.2069 | CK46: 347.831 | CL46: 384.5856 | CM46: 435.5699 | CN46: 499.4781 | CO46: 422.8455 | CP46: 517.5719 | CQ46: 421.2645 | CR46: 400.6162 | CS46: 430.4043 | CT46: 464.779 | CU46: 523.5469 | CV46: 539.963 | CW46: 597.0765 | CX46: 509.2038 | CY46: 934.6333 | CZ46: 707.1948 | DA46: 676.2828 | DB46: 641.8009 | DC46: 821.3047 | DD46: 773.258 | DE46: 893.1071 | DF46: 909.683 | DG46: 975.6202 | DH46: 792.8682 | DI46: 794.9447 | DJ46: 879.929
A47: 46 | B47: 사업1 | C47: 협력2 | D47: 공장3 | E47: 36990 | F47: - | G47: 정규 | H47: 거래중 | J47: 541.983 | K47: 413.7543 | L47: 449.4759 | M47: 473.1409 | N47: 450.6369 | O47: 417.2359 | P47: 377.0223 | Q47: 412.8358 | R47: 428.4215 | S47: 459.5665 | T47: 438.1415 | U47: 357.788 | V47: 345.1104 | W47: 551.4542 | X47: 546.972 | Y47: 420.2231 | Z47: 506.7586 | AA47: 294.2362 | AB47: 292.2378 | AC47: 273.8317 | AD47: 188.2642 | AE47: 289.4164 | AF47: 285.0486 | AG47: 369.3771 | AH47: 352.9165 | AI47: 445.9082 | AJ47: 455.0199 | AK47: 453.2209 | AL47: 442.0675 | AM47: 394.8066 | AN47: 151.7772 | AO47: 545.042 | AP47: 450.0093 | AQ47: 610.9046 | AR47: 485.751 | AS47: 779.8571 | AT47: 607.3889 | AU47: 860.9484 | AV47: 931.0961 | AW47: 1009.9666 | AX47: 963.0281 | AY47: 1097.3324 | AZ47: 888.6029 | BA47: 1031.8065 | BB47: 1200.7948 | BC47: 1138.109 | BD47: 1104.3442 | BE47: 1042.7861 | BF47: 1169.3248 | BG47: 1239.3636 | BH47: 1030.6308 | BI47: 1061.0687 | BJ47: 1116.0518 | BK47: 1138.2434 | BL47: 882.2366 | BM47: 956.166 | BN47: 1038.7085 | BO47: 1114.5071 | BP47: 1130.2683 | BQ47: 1034.9004 | BR47: 1056.1155 | BS47: 1133.4994 | BT47: 1272.8795 | BU47: 1003.7408 | BV47: 1135.0675 | BW47: 1185.0162 | BX47: 885.7819 | BY47: 990.0115 | BZ47: 1045.4432 | CA47: 721.7127 | CB47: 754.5075 | CC47: 762.2261 | CD47: 670.8525 | CE47: 692.4727 | CF47: 675.6162 | CG47: 659.3432 | CH47: 700.9657 | CI47: 689.1297 | CJ47: 615.8578 | CK47: 633.2921 | CL47: 758.9887 | CM47: 692.9635 | CN47: 761.4763 | CO47: 703.7825 | CP47: 765.4464 | CQ47: 786.1315 | CR47: 304.637 | CS47: 426.5932 | CT47: 1127.9186 | CU47: 928.1734 | CV47: 700.2796 | CW47: 921.1317 | CX47: 826.9873 | CY47: 1000.9592 | CZ47: 874.5 | DA47: 987.0008 | DB47: 611.6876 | DC47: 842.2869 | DD47: 721.7557 | DE47: 802.1696 | DF47: 640.3323 | DG47: 732.6623 | DH47: 526.084 | DI47: 607.0668 | DJ47: 657.0416
A48: 47 | B48: 사업2 | C48: 협력3 | D48: 외장2 | E48: 37168 | F48: - | G48: 정규 | H48: 거래중 | J48: 951.766 | K48: 1459.053 | L48: 1310.647 | M48: 1513.1848 | N48: 1402.4995 | O48: 1358.9145 | P48: 1490.7013 | Q48: 1319.3329 | R48: 1453.3572 | S48: 1612.069 | T48: 1658.7498 | U48: 1508.3066 | V48: 1274.828 | W48: 2406.9155 | X48: 1807.253 | Y48: 706.4944 | Z48: 1048.5402 | AA48: 1231.9067 | AB48: 900.4133 | AC48: 974.2654 | AD48: 685.1761 | AE48: 863.2109 | AF48: 671.0926 | AG48: 563.1275 | AH48: 393.0674 | AI48: 252.49 | AJ48: 320.1203 | AK48: 354.1209 | AL48: 331.2764 | AM48: 300.8588 | AN48: 225.0738 | AO48: 293.7255 | AP48: 334.4021 | AQ48: 407.7767 | AR48: 437.4917 | AS48: 524.0601 | AT48: 367.1407 | AU48: 598.8229 | AV48: 625.1999 | AW48: 712.5988 | AX48: 570.1444 | AY48: 756.9164 | AZ48: 556.9449 | BA48: 697.5865 | BB48: 912.5288 | BC48: 960.4273 | BD48: 924.8983 | BE48: 824.1259 | BF48: 828.921 | BG48: 864.7848 | BH48: 863.0577 | BI48: 824.2146 | BJ48: 806.9601 | BK48: 699.6019 | BL48: 626.9353 | BM48: 737.6315 | BN48: 738.1138 | BO48: 829.6991 | BP48: 976.0677 | BQ48: 792.8818 | BR48: 652.2446 | BS48: 835.439 | BT48: 878.2122 | BU48: 771.7101 | BV48: 798.9522 | BW48: 731.6941 | BX48: 575.3062 | BY48: 821.9435 | BZ48: 919.1535 | CA48: 641.4053 | CB48: 514.8801 | CC48: 530.0954 | CD48: 487.4531 | CE48: 571.4603 | CF48: 552.8229 | CG48: 511.6311 | CH48: 530.5066 | CI48: 541.7939 | CJ48: 326.805 | CK48: 349.1572 | CL48: 374.3691 | CM48: 384.2072 | CN48: 353.0564 | CO48: 338.5751 | CP48: 337.2242 | CQ48: 416.8116 | CR48: 387.7116 | CS48: 356.7971 | CT48: 407.432 | CU48: 406.0206 | CV48: 399.6844 | CW48: 436.7572 | CX48: 449.9223 | CY48: 446.6486 | CZ48: 457.8584 | DA48: 457.0688 | DB48: 442.1978 | DC48: 652.313 | DD48: 620.1138 | DE48: 657.7905 | DF48: 576.0617 | DG48: 567.3543 | DH48: 532.2734 | DI48: 558.3521 | DJ48: 614.0493
A49: 48 | B49: 사업1 | C49: 협력3 | D49: 외장3 | E49: 37469 | F49: - | G49: 정규 | H49: 거래중 | J49: 744.657 | K49: 958.42 | L49: 1648.4708 | M49: 1626.5218 | N49: 1476.5011 | O49: 1596.1604 | P49: 1550.9892 | Q49: 1162.4407 | R49: 1594.3459 | S49: 2635.3358 | T49: 2470.8951 | U49: 1883.8388 | V49: 1824.9103 | W49: 2172.5041 | X49: 2087.7315 | Y49: 1231.2708 | Z49: 1421.8552 | AA49: 1285.4756 | AB49: 1088.5503 | AC49: 1520.4685 | AD49: 1007.2558 | AE49: 906.0737 | AF49: 658.3873 | AG49: 499.3651 | AH49: 283.3921 | AI49: 382.307 | AJ49: 332.434 | AK49: 365.0731 | AL49: 410.3094 | AM49: 429.1464 | AN49: 324.3054 | AO49: 420.7192 | AP49: 537.9326 | AQ49: 432.8733 | AR49: 519.9663 | AS49: 476.6572 | AT49: 424.6112 | AU49: 546.045 | AV49: 536.8664 | AW49: 606.5945 | AX49: 747.1111 | AY49: 736.9788 | AZ49: 638.1855 | BA49: 688.7926 | BB49: 731.0696 | BC49: 769.3878 | BD49: 863.4366 | BE49: 801.8997 | BF49: 830.9037 | BG49: 939.0048 | BH49: 952.3331 | BI49: 915.3025 | BJ49: 992.0759 | BK49: 1267.7112 | BL49: 1007.3134 | BM49: 1131.8085 | BN49: 1137.3498 | BO49: 1011.764 | BP49: 900.5747 | BQ49: 851.43 | BR49: 774.663 | BS49: 858.9664 | BT49: 938.4964 | BU49: 951.742 | BV49: 1050.682 | BW49: 1149.0617 | BX49: 956.8831 | BY49: 1422.6443 | BZ49: 904.9794 | CA49: 869.8019 | CB49: 823.5894 | CC49: 911.197 | CD49: 812.0594 | CE49: 853.1933 | CF49: 1200.8118 | CG49: 911.6722 | CH49: 782.3528 | CI49: 640.6414 | CJ49: 583.6672 | CK49: 470.8393 | CL49: 522.3373 | CM49: 708.371 | CN49: 683.2917 | CO49: 639.1452 | CP49: 822.341 | CQ49: 863.0804 | CR49: 794.4229 | CS49: 819.2159 | CT49: 904.3757 | CU49: 889.8786 | CV49: 808.0574 | CW49: 669.7747 | CX49: 871.6472 | CY49: 798.4613 | CZ49: 852.9644 | DA49: 778.1259 | DB49: 839.7921 | DC49: 889.2533 | DD49: 972.4101 | DE49: 1201.0304 | DF49: 1178.3514 | DG49: 1160.9767 | DH49: 995.0269 | DI49: 1103.6515 | DJ49: 1211.4333
A50: 49 | B50: 사업1 | C50: 협력2 | D50: 공장3 | E50: 37623 | F50: - | G50: 정규 | H50: 거래중 | J50: 472.005 | K50: 473.0388 | L50: 416.7014 | M50: 491.9269 | N50: 515.6083 | O50: 442.0767 | P50: 473.7494 | Q50: 436.3707 | R50: 559.6088 | S50: 532.1906 | T50: 512.6803 | U50: 495.1067 | V50: 435.3805 | W50: 425.4192 | X50: 447.7253 | Y50: 259.7332 | Z50: 343.6806 | AA50: 332.7477 | AB50: 223.0569 | AC50: 358.1547 | AD50: 180.8808 | AE50: 167.0866 | AF50: 116.5855 | AG50: 147.2376 | AH50: 141.3252 | AI50: 153.4521 | AJ50: 194.1634 | AK50: 192.5079 | AL50: 277.2427 | AM50: 335.7404 | AN50: 301.2043 | AO50: 189.36 | AP50: 221.1382 | AQ50: 249.6472 | AR50: 283.6166 | AS50: 397.7689 | AT50: 354.2059 | AU50: 350.1785 | AV50: 261.9086 | AW50: 309.9604 | AX50: 386.048 | AY50: 401.4758 | AZ50: 357.6067 | BA50: 283.9506 | BB50: 285.0443 | BC50: 324.4239 | BD50: 287.6546 | BE50: 476.6252 | BF50: 503.4488 | BG50: 475.8848 | BH50: 533.5579 | BI50: 447.2664 | BJ50: 585.9171 | BK50: 565.297 | BL50: 413.0705 | BM50: 471.6332 | BN50: 458.0519 | BO50: 412.1761 | BP50: 446.7496 | BQ50: 409.5312 | BR50: 357.8146 | BS50: 435.9828 | BT50: 284.9468 | BU50: 350.549 | BV50: 378.755 | BW50: 331.9835 | BX50: 237.8313 | BY50: 331.1769 | BZ50: 405.3305 | CA50: 395.6263 | CB50: 374.4486 | CC50: 381.548 | CD50: 392.5066 | CE50: 444.5415 | CF50: 432.0566 | CG50: 408.3841 | CH50: 439.6924 | CI50: 408.3403 | CJ50: 331.8197 | CK50: 381.1621 | CL50: 344.7416 | CM50: 558.8176 | CN50: 518.2759 | CO50: 477.3683 | CP50: 530.6911 | CQ50: 631.2197 | CR50: 287.0932 | CS50: 295.3347 | CT50: 1021.362 | CU50: 535.4032 | CV50: 538.1042 | CW50: 659.9312 | CX50: 460.8938 | CY50: 542.5645 | CZ50: 537.2749 | DA50: 544.6981 | DB50: 424.2931 | DC50: 523.8874 | DD50: 481.5806 | DE50: 509.3661 | DF50: 388.3469 | DG50: 578.5723 | DH50: 301.4124 | DI50: 364.756 | DJ50: 389.7591
A51: 50 | B51: 사업1 | C51: 협력1 | D51: 라인2 | E51: 37712 | F51: - | G51: 정규 | H51: 거래중 | J51: 332.179 | K51: 598.0199 | L51: 738.5643 | M51: 800.7986 | N51: 864.8375 | O51: 931.0451 | P51: 682.6257 | Q51: 644.103 | R51: 815.7518 | S51: 910.9592 | T51: 926.0993 | U51: 859.2283 | V51: 758.9107 | W51: 905.5894 | X51: 746.8998 | Y51: 675.1342 | Z51: 665.5115 | AA51: 562.2928 | AB51: 524.2019 | AC51: 757.6363 | AD51: 584.2088 | AE51: 621.9257 | AF51: 289.5577 | AG51: 348.588 | AH51: 138.1043 | AI51: 193.9873 | AJ51: 248.7289 | AK51: 289.0335 | AL51: 291.9307 | AM51: 295.9102 | AN51: 214.1506 | AO51: 273.8532 | AP51: 297.6697 | AQ51: 339.5891 | AR51: 239.5579 | AS51: 523.5922 | AT51: 432.363 | AU51: 699.2099 | AV51: 726.3237 | AW51: 719.8805 | AX51: 675.2428 | AY51: 695.8963 | AZ51: 565.3774 | BA51: 582.4292 | BB51: 721.2507 | BC51: 681.659 | BD51: 702.0718 | BE51: 770.6825 | BF51: 652.5141 | BG51: 600.4783 | BH51: 697.623 | BI51: 637.9761 | BJ51: 641.5286 | BK51: 659.4647 | BL51: 472.1859 | BM51: 601.092 | BN51: 501.424 | BO51: 396.7615 | BP51: 370.2277 | BQ51: 238.6918 | BR51: 227.5948 | BS51: 244.4394 | BT51: 284.4241 | BU51: 257.4517 | BV51: 292.5929 | BW51: 258.3972 | BX51: 194.9294 | BY51: 253.5572 | BZ51: 304.0862 | CA51: 316.5293 | CB51: 344.4082 | CC51: 304.5314 | CD51: 253.7863 | CE51: 284.2811 | CF51: 272.8345 | CG51: 258.2131 | CH51: 235.0581 | CI51: 265.5234 | CJ51: 251.7172 | CK51: 230.9691 | CL51: 234.0194 | CM51: 277.4982 | CN51: 325.1543 | CO51: 246.6646 | CP51: 246.4388 | CQ51: 293.5141 | CR51: 240.3581 | CS51: 288.4062 | CT51: 348.8698 | CU51: 329.1067 | CV51: 279.6128 | CW51: 265.5869 | CX51: 299.3372 | CY51: 389.9686 | CZ51: 358.2889 | DA51: 427.9411 | DB51: 355.7605 | DC51: 479.4313 | DD51: 421.4374 | DE51: 443.3215 | DF51: 413.1214 | DG51: 421.7008 | DH51: 357.1332 | DI51: 343.6332 | DJ51: 375.4869
A52: 51 | B52: 사업1 | C52: 협력2 | D52: 공장3 | E52: 38033 | F52: - | G52: 정규 | H52: 거래중 | J52: 528.271 | K52: 445.9987 | L52: 412.1607 | M52: 441.7252 | N52: 441.0183 | O52: 403.3004 | P52: 386.712 | Q52: 358.0543 | R52: 389.5295 | S52: 416.8626 | T52: 421.8347 | U52: 296.2928 | V52: 264.3617 | W52: 412.6918 | X52: 378.3109 | Y52: 340.5996 | Z52: 461.9556 | AA52: 234.413 | AB52: 178.5082 | AC52: 299.8293 | AD52: 265.3955 | AE52: 349.6375 | AF52: 337.4113 | AG52: 384.9684 | AH52: 313.8394 | AI52: 468.2238 | AJ52: 460.1382 | AK52: 467.6085 | AL52: 482.9573 | AM52: 512.3135 | AN52: 420.1595 | AO52: 441.3421 | AP52: 522.558 | AQ52: 454.0561 | AR52: 471.8359 | AS52: 589.8628 | AT52: 358.5666 | AU52: 378.9506 | AV52: 401.2229 | AW52: 429.9187 | AX52: 410.4559 | AY52: 398.723 | AZ52: 367.0533 | BA52: 421.2229 | BB52: 458.8534 | BC52: 454.9623 | BD52: 490.6206 | BE52: 443.6615 | BF52: 430.9241 | BG52: 447.2194 | BH52: 396.6685 | BI52: 409.7269 | BJ52: 451.2179 | BK52: 433.6505 | BL52: 334.8862 | BM52: 429.0754 | BN52: 373.2713 | BO52: 376.302 | BP52: 322.3935 | BQ52: 395.1078 | BR52: 330.5634 | BS52: 350.6703 | BT52: 358.5432 | BU52: 381.0533 | BV52: 385.2026 | BW52: 344.9614 | BX52: 291.9767 | BY52: 322.4918 | BZ52: 421.5091 | CA52: 427.609 | CB52: 439.5855 | CC52: 430.9676 | CD52: 377.0295 | CE52: 408.697 | CF52: 407.7444 | CG52: 386.584 | CH52: 406.9538 | CI52: 390.6547 | CJ52: 290.9416 | CK52: 351.7875 | CL52: 346.4647 | CM52: 445.0861 | CN52: 424.8432 | CO52: 431.7519 | CP52: 476.1546 | CQ52: 530.275 | CR52: 293.308 | CS52: 254.0507 | CT52: 735.8097 | CU52: 564.3528 | CV52: 439.9142 | CW52: 633.0412 | CX52: 618.1351 | CY52: 570.6125 | CZ52: 547.1756 | DA52: 527.1403 | DB52: 399.3508 | DC52: 454.1004 | DD52: 429.7567 | DE52: 399.9084 | DF52: 414.6039 | DG52: 486.466 | DH52: 374.1055 | DI52: 317.0692 | DJ52: 438.2434
A53: 52 | B53: 사업1 | C53: 협력1 | D53: 내장1 | E53: 39022 | F53: - | G53: 정규 | H53: 거래중 | J53: 312.008 | K53: 303.3208 | L53: 395.8229 | M53: 379.0732 | N53: 388.0264 | O53: 357.3512 | P53: 327.3722 | Q53: 332.0179 | R53: 418.4813 | S53: 415.5085 | T53: 426.5993 | U53: 420.9815 | V53: 531.7382 | W53: 583.9357 | X53: 620.7286 | Y53: 528.8648 | Z53: 628.1036 | AA53: 543.1949 | AB53: 352.8022 | AC53: 604.1491 | AD53: 431.99 | AE53: 480.1721 | AF53: 449.5874 | AG53: 459.2635 | AH53: 325.2267 | AI53: 405.2933 | AJ53: 400.4809 | AK53: 414.4822 | AL53: 380.1356 | AM53: 433.9923 | AN53: 237.0547 | AO53: 341.0621 | AP53: 337.2297 | AQ53: 357.1423 | AR53: 325.4225 | AS53: 386.2366 | AT53: 284.6201 | AU53: 358.2187 | AV53: 404.0733 | AW53: 418.083 | AX53: 376.6448 | AY53: 499.3239 | AZ53: 386.9483 | BA53: 387.2735 | BB53: 459.6726 | BC53: 437.9813 | BD53: 509.8309 | BE53: 455.2985 | BF53: 534.4001 | BG53: 639.9905 | BH53: 685.7118 | BI53: 766.5562 | BJ53: 897.7787 | BK53: 914.4029 | BL53: 776.5872 | BM53: 832.4177 | BN53: 824.5426 | BO53: 746.8125 | BP53: 749.2918 | BQ53: 746.1271 | BR53: 695.1114 | BS53: 832.6382 | BT53: 671.9631 | BU53: 483.8584 | BV53: 516.2504 | BW53: 521.4123 | BX53: 403.1595 | BY53: 411.8807 | BZ53: 446.2088 | CA53: 467.9323 | CB53: 492.0107 | CC53: 492.6862 | CD53: 459.3258 | CE53: 539.8275 | CF53: 475.8087 | CG53: 456.9868 | CH53: 389.5176 | CI53: 326.416 | CJ53: 262.4893 | CK53: 308.187 | CL53: 366.7192 | CM53: 408.0609 | CN53: 429.8199 | CO53: 398.7419 | CP53: 381.6343 | CQ53: 457.5293 | CR53: 489.1839 | CS53: 507.9971 | CT53: 484.0026 | CU53: 489.4715 | CV53: 398.7778 | CW53: 492.0073 | CX53: 566.5198 | CY53: 600.5131 | CZ53: 549.108 | DA53: 646.84 | DB53: 565.4894 | DC53: 732.1009 | DD53: 695.4433 | DE53: 661.0362 | DF53: 622.7292 | DG53: 658.4169 | DH53: 425.5576 | DI53: 511.1114 | DJ53: 684.9934
A54: 53 | B54: 사업1 | C54: 협력1 | D54: 외장1 | E54: 39188 | F54: - | G54: 정규 | H54: 거래중 | J54: 521.777 | K54: 561.7561 | L54: 622.586 | M54: 458.7157 | N54: 399.2508 | O54: 434.4314 | P54: 300.485 | Q54: 453.5694 | R54: 376.1572 | S54: 394.952 | T54: 368.6337 | U54: 350.7439 | V54: 306.6421 | W54: 301.1511 | X54: 285.0874 | Y54: 204.4215 | Z54: 364.657 | AA54: 271.7308 | AB54: 213.6546 | AC54: 396.5394 | AD54: 354.202 | AE54: 393.5567 | AF54: 380.4113 | AG54: 345.3488 | AH54: 374.797 | AI54: 410.6051 | AJ54: 366.6784 | AK54: 378.6546 | AL54: 339.2446 | AM54: 386.8506 | AN54: 303.761 | AO54: 262.106 | AP54: 294.3178 | AQ54: 509.5023 | AR54: 544.0789 | AS54: 719.9293 | AT54: 685.5057 | AU54: 956.2317 | AV54: 1061.1163 | AW54: 1077.9477 | AX54: 975.67 | AY54: 1002.7367 | AZ54: 839.3184 | BA54: 930.9285 | BB54: 854.6094 | BC54: 985.5386 | BD54: 825.9984 | BE54: 872.9522 | BF54: 791.3857 | BG54: 1025.3484 | BH54: 903.5529 | BI54: 812.8693 | BJ54: 889.0262 | BK54: 880.5885 | BL54: 569.6481 | BM54: 709.2135 | BN54: 746.6289 | BO54: 734.4441 | BP54: 525.2679 | BQ54: 620.7896 | BR54: 642.3505 | BS54: 776.788 | BT54: 716.8862 | BU54: 603.7804 | BV54: 701.8967 | BW54: 657.3502 | BX54: 502.6372 | BY54: 585.0479 | BZ54: 602.4282 | CA54: 817.9395 | CB54: 879.4937 | CC54: 806.9625 | CD54: 680.6806 | CE54: 767.5022 | CF54: 747.5316 | CG54: 792.118 | CH54: 771.8096 | CI54: 809.7178 | CJ54: 706.6555 | CK54: 714.6517 | CL54: 706.9761 | CM54: 748.069 | CN54: 770.9628 | CO54: 702.1703 | CP54: 784.2165 | CQ54: 882.7906 | CR54: 800.4993 | CS54: 826.1664 | CT54: 855.4582 | CU54: 848.504 | CV54: 730.0823 | CW54: 771.7975 | CX54: 1036.7901 | CY54: 1153.0382 | CZ54: 1091.9498 | DA54: 1061.7906 | DB54: 945.8037 | DC54: 1153.1846 | DD54: 1088.3579 | DE54: 1118.7375 | DF54: 1039.1196 | DG54: 1130.3914 | DH54: 897.9884 | DI54: 876.5067 | DJ54: 968.9775
A55: 54 | B55: 사업1 | C55: 협력1 | D55: 라인2 | E55: 39479 | F55: - | G55: 정규 | H55: 거래중 | J55: 1123.257 | K55: 1496.3628 | L55: 1617.9747 | M55: 1799.3714 | N55: 1568.2737 | O55: 1370.4234 | P55: 774.6975 | Q55: 646.735 | R55: 944.3649 | S55: 872.1688 | T55: 900.3455 | U55: 863.2085 | V55: 732.1941 | W55: 807.683 | X55: 714.064 | Y55: 440.2979 | Z55: 505.834 | AA55: 423.1646 | AB55: 433.3013 | AC55: 670.7293 | AD55: 536.6248 | AE55: 518.3378 | AF55: 339.8934 | AG55: 311.8126 | AH55: 194.5459 | AI55: 262.1097 | AJ55: 283.0805 | AK55: 289.2558 | AL55: 266.0941 | AM55: 200.1566 | AN55: 114.7794 | AO55: 143.6686 | AP55: 163.7289 | AQ55: 172.3735 | AR55: 159.0683 | AS55: 199.0338 | AT55: 253.0586 | AU55: 445.7119 | AV55: 462.6199 | AW55: 586.9412 | AX55: 571.8455 | AY55: 628.5468 | AZ55: 428.0838 | BA55: 415.6467 | BB55: 538.9107 | BC55: 609.4624 | BD55: 778.7971 | BE55: 681.0549 | BF55: 818.2311 | BG55: 765.9565 | BH55: 708.9673 | BI55: 592.2418 | BJ55: 557.6009 | BK55: 567.8754 | BL55: 388.5223 | BM55: 549.3213 | BN55: 632.7956 | BO55: 606.3121 | BP55: 535.4735 | BQ55: 508.0881 | BR55: 433.4126 | BS55: 452.5344 | BT55: 404.84 | BU55: 362.4153 | BV55: 421.5534 | BW55: 412.611 | BX55: 285.7592 | BY55: 332.6011 | BZ55: 296.4552 | CA55: 360.3238 | CB55: 396.4243 | CC55: 404.7432 | CD55: 352.6709 | CE55: 419.0513 | CF55: 330.6515 | CG55: 373.69 | CH55: 368.7817 | CI55: 332.5147 | CJ55: 305.1916 | CK55: 314.194 | CL55: 386.4954 | CM55: 407.0028 | CN55: 377.8211 | CO55: 325.1577 | CP55: 386.3353 | CQ55: 475.1771 | CR55: 462.9749 | CS55: 537.1222 | CT55: 528.4743 | CU55: 534.9498 | CV55: 474.2193 | CW55: 483.2314 | CX55: 576.649 | CY55: 673.0789 | CZ55: 628.7368 | DA55: 727.6371 | DB55: 671.075 | DC55: 881.354 | DD55: 857.5758 | DE55: 792.9879 | DF55: 723.7191 | DG55: 825.6116 | DH55: 619.6649 | DI55: 675.1887 | DJ55: 869.9333
A56: 55 | B56: 사업1 | C56: 협력3 | D56: 외장3 | E56: 39615 | F56: - | G56: 정규 | H56: 거래중 | J56: 396.101 | K56: 613.147 | L56: 590.3615 | M56: 542.9353 | N56: 469.2573 | O56: 697.9921 | P56: 686.256 | Q56: 651.0434 | R56: 808.94 | S56: 972.6886 | T56: 1073.3598 | U56: 1115.8377 | V56: 884.155 | W56: 1141.7554 | X56: 848.8943 | Y56: 756.0423 | Z56: 657.1418 | AA56: 465.5898 | AB56: 401.6708 | AC56: 739.3525 | AD56: 414.9381 | AE56: 506.484 | AF56: 487.3132 | AG56: 352.3814 | AH56: 343.9828 | AI56: 415.2738 | AJ56: 525.7276 | AK56: 470.1772 | AL56: 487.2144 | AM56: 459.9361 | AN56: 291.9203 | AO56: 394.6054 | AP56: 457.3989 | AQ56: 408.0101 | AR56: 538.3926 | AS56: 523.6305 | AT56: 449.0287 | AU56: 493.1226 | AV56: 533.5106 | AW56: 591.9278 | AX56: 726.5899 | AY56: 766.1982 | AZ56: 705.563 | BA56: 697.3343 | BB56: 696.319 | BC56: 785.4781 | BD56: 1032.7704 | BE56: 753.031 | BF56: 907.4168 | BG56: 1174.3961 | BH56: 1151.2329 | BI56: 1303.1033 | BJ56: 1259.9167 | BK56: 1343.1835 | BL56: 1139.6046 | BM56: 1261.2174 | BN56: 1382.9819 | BO56: 1329.8094 | BP56: 1172.5615 | BQ56: 1014.2812 | BR56: 896.226 | BS56: 889.8932 | BT56: 937.39 | BU56: 963.412 | BV56: 1020.3575 | BW56: 1100.0679 | BX56: 975.9862 | BY56: 923.6674 | BZ56: 908.8593 | CA56: 886.0426 | CB56: 804.0795 | CC56: 930.0947 | CD56: 807.7541 | CE56: 855.5081 | CF56: 903.2425 | CG56: 892.1411 | CH56: 841.1941 | CI56: 717.5106 | CJ56: 516.0657 | CK56: 485.9243 | CL56: 559.4819 | CM56: 776.6821 | CN56: 734.1751 | CO56: 649.8767 | CP56: 842.9369 | CQ56: 881.0729 | CR56: 859.3357 | CS56: 841.3555 | CT56: 953.1129 | CU56: 948.1131 | CV56: 831.9079 | CW56: 697.076 | CX56: 963.083 | CY56: 879.0504 | CZ56: 919.3132 | DA56: 937.9069 | DB56: 818.9961 | DC56: 876.6093 | DD56: 1026.2463 | DE56: 991.2545 | DF56: 1074.8033 | DG56: 1094.4403 | DH56: 1015.0388 | DI56: 1056.0822 | DJ56: 1143.3413
A57: 56 | B57: 사업1 | C57: 협력2 | D57: 공장2 | E57: 40330 | F57: - | G57: 정규 | H57: 거래중 | J57: 388.811 | K57: 411.0007 | L57: 379.97 | M57: 271.4739 | N57: 345.7834 | O57: 331.6633 | P57: 288.2674 | Q57: 335.8315 | R57: 381.1745 | S57: 360.6707 | T57: 339.6455 | U57: 259.5209 | V57: 254.1488 | W57: 248.8502 | X57: 220.6335 | Y57: 228.5017 | Z57: 246.8832 | AA57: 116.7898 | AB57: 92.5849 | AC57: 143.0496 | AD57: 134.2385 | AE57: 185.8209 | AF57: 151.1111 | AG57: 249.8698 | AH57: 199.293 | AI57: 274.6759 | AJ57: 252.1139 | AK57: 292.3244 | AL57: 247.7025 | AM57: 269.0648 | AN57: 249.5626 | AO57: 270.3321 | AP57: 317.0292 | AQ57: 341.6337 | AR57: 351.8973 | AS57: 318.4656 | AT57: 307.2779 | AU57: 366.0024 | AV57: 454.4543 | AW57: 497.7867 | AX57: 543.3399 | AY57: 576.0977 | AZ57: 509.8525 | BA57: 520.4584 | BB57: 526.4229 | BC57: 500.9214 | BD57: 491.0145 | BE57: 521.679 | BF57: 511.3585 | BG57: 593.2351 | BH57: 541.4548 | BI57: 553.9085 | BJ57: 603.2703 | BK57: 527.9159 | BL57: 432.2095 | BM57: 560.9976 | BN57: 552.523 | BO57: 644.4926 | BP57: 563.1738 | BQ57: 571.7639 | BR57: 488.3894 | BS57: 588.3266 | BT57: 586.662 | BU57: 572.0891 | BV57: 614.9245 | BW57: 595.5502 | BX57: 515.6036 | BY57: 548.81 | BZ57: 683.9408 | CA57: 729.137 | CB57: 710.6352 | CC57: 716.9104 | CD57: 636.7341 | CE57: 685.8304 | CF57: 678.9905 | CG57: 720.2632 | CH57: 714.9419 | CI57: 713.9613 | CJ57: 624.1573 | CK57: 646.9058 | CL57: 668.7151 | CM57: 668.7815 | CN57: 718.8852 | CO57: 787.7166 | CP57: 715.8934 | CQ57: 766.9866 | CR57: 340.9789 | CS57: 559.0532 | CT57: 1100.2668 | CU57: 752.5124 | CV57: 735.0624 | CW57: 806.6346 | CX57: 820.0357 | CY57: 906.7422 | CZ57: 785.9339 | DA57: 905.0608 | DB57: 705.9364 | DC57: 813.5524 | DD57: 817.2586 | DE57: 795.8387 | DF57: 680.6455 | DG57: 757.4343 | DH57: 579.2978 | DI57: 538.7278 | DJ57: 646.546
... A128: 127 | B128: 사업1 | C128: 협력1 | D128: 외장1 | E128: 45597 | F128: - | G128: 정규 | H128: 거래중 | J128: 0 | K128: 0 | L128: 0 | M128: 0 | N128: 0 | O128: 0 | P128: 0 | Q128: 0 | R128: 0 | S128: 0 | T128: 0 | U128: 0 | V128: 0 | W128: 0 | X128: 0 | Y128: 0 | Z128: 0 | AA128: 0 | AB128: 0 | AC128: 0 | AD128: 0 | AE128: 0 | AF128: 0 | AG128: 0 | AH128: 0 | AI128: 0 | AJ128: 0 | AK128: 0 | AL128: 0 | AM128: 0 | AN128: 0 | AO128: 0 | AP128: 0 | AQ128: 0 | AR128: 0 | AS128: 0 | AT128: 0 | AU128: 0 | AV128: 0 | AW128: 0 | AX128: 0 | AY128: 0 | AZ128: 0 | BA128: 0 | BB128: 0 | BC128: 0 | BD128: 0 | BE128: 0 | BF128: 0 | BG128: 0 | BH128: 0 | BI128: 0 | BJ128: 0 | BK128: 0 | BL128: 0 | BM128: 0 | BN128: 0 | BO128: 0 | BP128: 0 | BQ128: 0 | BR128: 0 | BS128: 0 | BT128: 0 | BU128: 0 | BV128: 0 | BW128: 0 | BX128: 0 | BY128: 0 | BZ128: 0 | CA128: 0 | CB128: 0 | CC128: 0 | CD128: 0 | CE128: 0 | CF128: 0 | CG128: 0 | CH128: 0 | CI128: 0 | CJ128: 0 | CK128: 0 | CL128: 0 | CM128: 0 | CN128: 0 | CO128: 0 | CP128: 0 | CQ128: 0 | CR128: 0 | CS128: 0 | CT128: 0 | CU128: 0 | CV128: 0 | CW128: 0 | CX128: 0 | CY128: 0 | CZ128: 0 | DA128: 0 | DB128: 0 | DC128: 0 | DD128: 0 | DE128: 0 | DF128: 0 | DG128: 0 | DH128: 0 | DI128: 0 | DJ128: 0

Sheet 공수능률
A1: No. | B1: 구분 | C1: 중구분 | D1: 소구분 | E1: 당사투입일 | F1: 계약종결일 | G1: 협력사구분 | H1: 계약종결사유 | J1: 42411 | K1: 42441 | L1: 42471 | M1: 42501 | N1: 42531 | O1: 42561 | P1: 42591 | Q1: 42621 | R1: 42651 | S1: 42681 | T1: 42711 | U1: 42741 | V1: 42771 | W1: 42801 | X1: 42831 | Y1: 42861 | Z1: 42891 | AA1: 42921 | AB1: 42951 | AC1: 42981 | AD1: 43011 | AE1: 43041 | AF1: 43071 | AG1: 43101 | AH1: 43132 | AI1: 43161 | AJ1: 43191 | AK1: 43221 | AL1: 43281 | AM1: 43311 | AN1: 43341 | AO1: 43371 | AP1: 43401 | AQ1: 43431 | AR1: 43461 | AS1: 43491 | AT1: 43521 | AU1: 43551 | AV1: 43581 | AW1: 43611 | AX1: 43641 | AY1: 43671 | AZ1: 43701 | BA1: 43731 | BB1: 43761 | BC1: 43791 | BD1: 43821 | BE1: 43851 | BF1: 43881 | BG1: 43911 | BH1: 43941 | BI1: 43971 | BJ1: 44001 | BK1: 44031 | BL1: 44061 | BM1: 44091 | BN1: 44121 | BO1: 44151 | BP1: 44181 | BQ1: 44211 | BR1: 44241 | BS1: 44271 | BT1: 44301 | BU1: 44331 | BV1: 44361 | BW1: 44391 | BX1: 44421 | BY1: 44451 | BZ1: 44481 | CA1: 44511 | CB1: 44541 | CC1: 44571 | CD1: 44601 | CE1: 44631 | CF1: 44661 | CG1: 44691 | CH1: 44721 | CI1: 44751 | CJ1: 44781 | CK1: 44811 | CL1: 44841 | CM1: 44871 | CN1: 44901 | CO1: 44931 | CP1: 44961 | CQ1: 44991 | CR1: 45021 | CS1: 45051 | CT1: 45081 | CU1: 45111 | CV1: 45141 | CW1: 45171 | CX1: 45201 | CY1: 45231 | CZ1: 45261 | DA1: 45321 | DB1: 45351 | DC1: 45381 | DD1: 45411 | DE1: 45441 | DF1: 45471 | DG1: 45501 | DH1: 45531 | DI1: 45561 | DJ1: 45591
A2: 1 | B2: 사업1 | C2: 협력1 | D2: 라인2 | E2: 42380 | F2: 43131 | G2: 정규 | H2: 경영악화 | J2: 62.881012 | K2: 48.458754 | L2: 57.913912 | M2: 56.577666 | N2: 55.045919 | O2: 53.996512 | P2: 50.294399 | Q2: 48.913538 | R2: 55.051076 | S2: 56.717147 | T2: 48.196448 | U2: 45.847654 | V2: 46.582881 | W2: 47.58478 | X2: 48.145222 | Y2: 57.526304 | Z2: 57.627893 | AA2: 57.613101 | AB2: 55.298834 | AC2: 56.790841 | AD2: 56.956061 | AE2: 52.279126 | AF2: 54.948202 | AG2: 41.561156 | AH2: 0 | AI2: 0 | AJ2: 0 | AK2: 0 | AL2: 0 | AM2: 0 | AN2: 0 | AO2: 0 | AP2: 0 | AQ2: 0 | AR2: 0 | AS2: 0 | AT2: 0 | AU2: 0 | AV2: 0 | AW2: 0 | AX2: 0 | AY2: 0 | AZ2: 0 | BA2: 0 | BB2: 0 | BC2: 0 | BD2: 0 | BE2: 0 | BF2: 0 | BG2: 0 | BH2: 0 | BI2: 0 | BJ2: 0 | BK2: 0 | BL2: 0 | BM2: 0 | BN2: 0 | BO2: 0 | BP2: 0 | BQ2: 0 | BR2: 0 | BS2: 0 | BT2: 0 | BU2: 0 | BV2: 0 | BW2: 0 | BX2: 0 | BY2: 0 | BZ2: 0 | CA2: 0 | CB2: 0 | CC2: 0 | CD2: 0 | CE2: 0 | CF2: 0 | CG2: 0 | CH2: 0 | CI2: 0 | CJ2: 0 | CK2: 0 | CL2: 0 | CM2: 0 | CN2: 0 | CO2: 0 | CP2: 0 | CQ2: 0 | CR2: 0 | CS2: 0 | CT2: 0 | CU2: 0 | CV2: 0 | CW2: 0 | CX2: 0 | CY2: 0 | CZ2: 0 | DA2: 0 | DB2: 0 | DC2: 0 | DD2: 0 | DE2: 0 | DF2: 0 | DG2: 0 | DH2: 0 | DI2: 0 | DJ2: 0
A3: 2 | B3: 사업1 | C3: 협력1 | D3: 외장1 | E3: 35149 | F3: 43131 | G3: 정규 | H3: 경영악화 | J3: 53.869254 | K3: 52.899405 | L3: 52.333109 | M3: 50.45207 | N3: 54.582994 | O3: 57.206671 | P3: 56.712821 | Q3: 58.956202 | R3: 52.684713 | S3: 52.919909 | T3: 55.560737 | U3: 51.643049 | V3: 39.52862 | W3: 53.182846 | X3: 40.651969 | Y3: 33.307297 | Z3: 40.837689 | AA3: 52.918072 | AB3: 45.742916 | AC3: 49.693293 | AD3: 44.860223 | AE3: 43.942939 | AF3: 57.01908 | AG3: 106.20381 | AH3: 0 | AI3: 0 | AJ3: 0 | AK3: 0 | AL3: 0 | AM3: 0 | AN3: 0 | AO3: 0 | AP3: 0 | AQ3: 0 | AR3: 0 | AS3: 0 | AT3: 0 | AU3: 0 | AV3: 0 | AW3: 0 | AX3: 0 | AY3: 0 | AZ3: 0 | BA3: 0 | BB3: 0 | BC3: 0 | BD3: 0 | BE3: 0 | BF3: 0 | BG3: 0 | BH3: 0 | BI3: 0 | BJ3: 0 | BK3: 0 | BL3: 0 | BM3: 0 | BN3: 0 | BO3: 0 | BP3: 0 | BQ3: 0 | BR3: 0 | BS3: 0 | BT3: 0 | BU3: 0 | BV3: 0 | BW3: 0 | BX3: 0 | BY3: 0 | BZ3: 0 | CA3: 0 | CB3: 0 | CC3: 0 | CD3: 0 | CE3: 0 | CF3: 0 | CG3: 0 | CH3: 0 | CI3: 0 | CJ3: 0 | CK3: 0 | CL3: 0 | CM3: 0 | CN3: 0 | CO3: 0 | CP3: 0 | CQ3: 0 | CR3: 0 | CS3: 0 | CT3: 0 | CU3: 0 | CV3: 0 | CW3: 0 | CX3: 0 | CY3: 0 | CZ3: 0 | DA3: 0 | DB3: 0 | DC3: 0 | DD3: 0 | DE3: 0 | DF3: 0 | DG3: 0 | DH3: 0 | DI3: 0 | DJ3: 0
A4: 3 | B4: 사업1 | C4: 협력1 | D4: 공사 | E4: 38071 | F4: 43159 | G4: 정규 | H4: 경영악화 | J4: 71.349825 | K4: 50.733024 | L4: 48.113309 | M4: 49.318111 | N4: 61.289923 | O4: 60.550594 | P4: 52.588646 | Q4: 54.743425 | R4: 39.950892 | S4: 48.266237 | T4: 50.931214 | U4: 43.09931 | V4: 57.027978 | W4: 70.211739 | X4: 44.105145 | Y4: 65.550335 | Z4: 52.609076 | AA4: 50.307771 | AB4: 57.813808 | AC4: 49.422011 | AD4: 48.375394 | AE4: 57.74885 | AF4: 51.282248 | AG4: 45.108364 | AH4: 52.986268 | AI4: 0 | AJ4: 0 | AK4: 0 | AL4: 0 | AM4: 0 | AN4: 0 | AO4: 0 | AP4: 0 | AQ4: 0 | AR4: 0 | AS4: 0 | AT4: 0 | AU4: 0 | AV4: 0 | AW4: 0 | AX4: 0 | AY4: 0 | AZ4: 0 | BA4: 0 | BB4: 0 | BC4: 0 | BD4: 0 | BE4: 0 | BF4: 0 | BG4: 0 | BH4: 0 | BI4: 0 | BJ4: 0 | BK4: 0 | BL4: 0 | BM4: 0 | BN4: 0 | BO4: 0 | BP4: 0 | BQ4: 0 | BR4: 0 | BS4: 0 | BT4: 0 | BU4: 0 | BV4: 0 | BW4: 0 | BX4: 0 | BY4: 0 | BZ4: 0 | CA4: 0 | CB4: 0 | CC4: 0 | CD4: 0 | CE4: 0 | CF4: 0 | CG4: 0 | CH4: 0 | CI4: 0 | CJ4: 0 | CK4: 0 | CL4: 0 | CM4: 0 | CN4: 0 | CO4: 0 | CP4: 0 | CQ4: 0 | CR4: 0 | CS4: 0 | CT4: 0 | CU4: 0 | CV4: 0 | CW4: 0 | CX4: 0 | CY4: 0 | CZ4: 0 | DA4: 0 | DB4: 0 | DC4: 0 | DD4: 0 | DE4: 0 | DF4: 0 | DG4: 0 | DH4: 0 | DI4: 0 | DJ4: 0
A5: 4 | B5: 사업2 | C5: 협력1 | D5: 라인2 | E5: 42292 | F5: 43190 | G5: 정규 | H5: 경영악화 | J5: 58.203513 | K5: 34.551018 | L5: 58.690465 | M5: 47.098736 | N5: 43.756137 | O5: 82.084823 | P5: 62.970935 | Q5: 34.572997 | R5: 38.355815 | S5: 33.866046 | T5: 42.406341 | U5: 61.845778 | V5: 56.746962 | W5: 48.034117 | X5: 55.459403 | Y5: 47.36441 | Z5: 50.2474 | AA5: 51.233057 | AB5: 56.710774 | AC5: 53.248743 | AD5: 65.891519 | AE5: 59.935313 | AF5: 52.455107 | AG5: 53.911559 | AH5: 30.810093 | AI5: 73.927959 | AJ5: 0 | AK5: 0 | AL5: 0 | AM5: 0 | AN5: 0 | AO5: 0 | AP5: 0 | AQ5: 0 | AR5: 0 | AS5: 0 | AT5: 0 | AU5: 0 | AV5: 0 | AW5: 0 | AX5: 0 | AY5: 0 | AZ5: 0 | BA5: 0 | BB5: 0 | BC5: 0 | BD5: 0 | BE5: 0 | BF5: 0 | BG5: 0 | BH5: 0 | BI5: 0 | BJ5: 0 | BK5: 0 | BL5: 0 | BM5: 0 | BN5: 0 | BO5: 0 | BP5: 0 | BQ5: 0 | BR5: 0 | BS5: 0 | BT5: 0 | BU5: 0 | BV5: 0 | BW5: 0 | BX5: 0 | BY5: 0 | BZ5: 0 | CA5: 0 | CB5: 0 | CC5: 0 | CD5: 0 | CE5: 0 | CF5: 0 | CG5: 0 | CH5: 0 | CI5: 0 | CJ5: 0 | CK5: 0 | CL5: 0 | CM5: 0 | CN5: 0 | CO5: 0 | CP5: 0 | CQ5: 0 | CR5: 0 | CS5: 0 | CT5: 0 | CU5: 0 | CV5: 0 | CW5: 0 | CX5: 0 | CY5: 0 | CZ5: 0 | DA5: 0 | DB5: 0 | DC5: 0 | DD5: 0 | DE5: 0 | DF5: 0 | DG5: 0 | DH5: 0 | DI5: 0 | DJ5: 0
A6: 5 | B6: 사업1 | C6: 협력1 | D6: 공사 | E6: 43161 | F6: 43312 | G6: 정규 | H6: 경영악화 | J6: 0 | K6: 0 | L6: 0 | M6: 0 | N6: 0 | O6: 0 | P6: 0 | Q6: 0 | R6: 0 | S6: 0 | T6: 0 | U6: 0 | V6: 0 | W6: 0 | X6: 0 | Y6: 0 | Z6: 0 | AA6: 0 | AB6: 0 | AC6: 0 | AD6: 0 | AE6: 0 | AF6: 0 | AG6: 0 | AH6: 0 | AI6: 55.172302 | AJ6: 53.229609 | AK6: 56.34348 | AL6: 52.372224 | AM6: 49.6307 | AN6: 0 | AO6: 0 | AP6: 0 | AQ6: 0 | AR6: 0 | AS6: 0 | AT6: 0 | AU6: 0 | AV6: 0 | AW6: 0 | AX6: 0 | AY6: 0 | AZ6: 0 | BA6: 0 | BB6: 0 | BC6: 0 | BD6: 0 | BE6: 0 | BF6: 0 | BG6: 0 | BH6: 0 | BI6: 0 | BJ6: 0 | BK6: 0 | BL6: 0 | BM6: 0 | BN6: 0 | BO6: 0 | BP6: 0 | BQ6: 0 | BR6: 0 | BS6: 0 | BT6: 0 | BU6: 0 | BV6: 0 | BW6: 0 | BX6: 0 | BY6: 0 | BZ6: 0 | CA6: 0 | CB6: 0 | CC6: 0 | CD6: 0 | CE6: 0 | CF6: 0 | CG6: 0 | CH6: 0 | CI6: 0 | CJ6: 0 | CK6: 0 | CL6: 0 | CM6: 0 | CN6: 0 | CO6: 0 | CP6: 0 | CQ6: 0 | CR6: 0 | CS6: 0 | CT6: 0 | CU6: 0 | CV6: 0 | CW6: 0 | CX6: 0 | CY6: 0 | CZ6: 0 | DA6: 0 | DB6: 0 | DC6: 0 | DD6: 0 | DE6: 0 | DF6: 0 | DG6: 0 | DH6: 0 | DI6: 0 | DJ6: 0
A7: 6 | B7: 사업2 | C7: 협력1 | D7: 라인2 | E7: 37956 | F7: 43312 | G7: 정규 | H7: 경영악화 | J7: 59.528322 | K7: 52.700183 | L7: 60.441993 | M7: 62.915698 | N7: 61.13757 | O7: 62.125183 | P7: 38.174076 | Q7: 25.972861 | R7: 31.149987 | S7: 33.344155 | T7: 33.565546 | U7: 35.186243 | V7: 24.66656 | W7: 26.474242 | X7: 24.201071 | Y7: 31.145468 | Z7: 28.047137 | AA7: 38.344141 | AB7: 58.460836 | AC7: 64.233472 | AD7: 59.521314 | AE7: 46.094518 | AF7: 55.565724 | AG7: 60.978031 | AH7: 60.853175 | AI7: 58.032643 | AJ7: 54.656778 | AK7: 63.821903 | AL7: 60.4 | AM7: 62.170232 | AN7: 0 | AO7: 0 | AP7: 0 | AQ7: 0 | AR7: 0 | AS7: 0 | AT7: 0 | AU7: 0 | AV7: 0 | AW7: 0 | AX7: 0 | AY7: 0 | AZ7: 0 | BA7: 0 | BB7: 0 | BC7: 0 | BD7: 0 | BE7: 0 | BF7: 0 | BG7: 0 | BH7: 0 | BI7: 0 | BJ7: 0 | BK7: 0 | BL7: 0 | BM7: 0 | BN7: 0 | BO7: 0 | BP7: 0 | BQ7: 0 | BR7: 0 | BS7: 0 | BT7: 0 | BU7: 0 | BV7: 0 | BW7: 0 | BX7: 0 | BY7: 0 | BZ7: 0 | CA7: 0 | CB7: 0 | CC7: 0 | CD7: 0 | CE7: 0 | CF7: 0 | CG7: 0 | CH7: 0 | CI7: 0 | CJ7: 0 | CK7: 0 | CL7: 0 | CM7: 0 | CN7: 0 | CO7: 0 | CP7: 0 | CQ7: 0 | CR7: 0 | CS7: 0 | CT7: 0 | CU7: 0 | CV7: 0 | CW7: 0 | CX7: 0 | CY7: 0 | CZ7: 0 | DA7: 0 | DB7: 0 | DC7: 0 | DD7: 0 | DE7: 0 | DF7: 0 | DG7: 0 | DH7: 0 | DI7: 0 | DJ7: 0
A8: 7 | B8: 사업1 | C8: 협력1 | D8: 외장1 | E8: 39783 | F8: 43570 | G8: 정규 | H8: 경영악화 | J8: 59.191855 | K8: 54.099909 | L8: 55.947347 | M8: 56.001415 | N8: 54.368521 | O8: 63.104486 | P8: 61.012801 | Q8: 59.473959 | R8: 62.552824 | S8: 58.764217 | T8: 60.648161 | U8: 52.405172 | V8: 45.583254 | W8: 53.662002 | X8: 51.643636 | Y8: 51.586768 | Z8: 51.767593 | AA8: 54.221864 | AB8: 51.255747 | AC8: 54.272683 | AD8: 57.302467 | AE8: 56.45738 | AF8: 57.232378 | AG8: 54.472337 | AH8: 57.225383 | AI8: 51.719289 | AJ8: 53.366133 | AK8: 68.763735 | AL8: 57.62079 | AM8: 61.339059 | AN8: 60.202647 | AO8: 57.696659 | AP8: 0 | AQ8: 0 | AR8: 0 | AS8: 0 | AT8: 0 | AU8: 0 | AV8: 0 | AW8: 0 | AX8: 0 | AY8: 0 | AZ8: 0 | BA8: 0 | BB8: 0 | BC8: 0 | BD8: 0 | BE8: 0 | BF8: 0 | BG8: 0 | BH8: 0 | BI8: 0 | BJ8: 0 | BK8: 0 | BL8: 0 | BM8: 0 | BN8: 0 | BO8: 0 | BP8: 0 | BQ8: 0 | BR8: 0 | BS8: 0 | BT8: 0 | BU8: 0 | BV8: 0 | BW8: 0 | BX8: 0 | BY8: 0 | BZ8: 0 | CA8: 0 | CB8: 0 | CC8: 0 | CD8: 0 | CE8: 0 | CF8: 0 | CG8: 0 | CH8: 0 | CI8: 0 | CJ8: 0 | CK8: 0 | CL8: 0 | CM8: 0 | CN8: 0 | CO8: 0 | CP8: 0 | CQ8: 0 | CR8: 0 | CS8: 0 | CT8: 0 | CU8: 0 | CV8: 0 | CW8: 0 | CX8: 0 | CY8: 0 | CZ8: 0 | DA8: 0 | DB8: 0 | DC8: 0 | DD8: 0 | DE8: 0 | DF8: 0 | DG8: 0 | DH8: 0 | DI8: 0 | DJ8: 0
A9: 8 | B9: 사업1 | C9: 협력1 | D9: 공사 | E9: 43161 | F9: 43793 | G9: 정규 | H9: 경영악화 | J9: 0 | K9: 0 | L9: 0 | M9: 0 | N9: 0 | O9: 0 | P9: 0 | Q9: 0 | R9: 0 | S9: 0 | T9: 0 | U9: 0 | V9: 0 | W9: 0 | X9: 0 | Y9: 0 | Z9: 0 | AA9: 0 | AB9: 0 | AC9: 0 | AD9: 0 | AE9: 0 | AF9: 0 | AG9: 0 | AH9: 0 | AI9: 56.207704 | AJ9: 58.540876 | AK9: 58.077774 | AL9: 48.579468 | AM9: 58.383283 | AN9: 55.767894 | AO9: 52.482702 | AP9: 44.099721 | AQ9: 59.567629 | AR9: 47.558245 | AS9: 44.208163 | AT9: 79.065343 | AU9: 0 | AV9: 0 | AW9: 0 | AX9: 32.30814 | AY9: 46.497874 | AZ9: 55.398211 | BA9: 45.714258 | BB9: 51.878196 | BC9: 40.985864 | BD9: 0 | BE9: 0 | BF9: 0 | BG9: 0 | BH9: 0 | BI9: 0 | BJ9: 0 | BK9: 0 | BL9: 0 | BM9: 0 | BN9: 0 | BO9: 0 | BP9: 0 | BQ9: 0 | BR9: 0 | BS9: 0 | BT9: 0 | BU9: 0 | BV9: 0 | BW9: 0 | BX9: 0 | BY9: 0 | BZ9: 0 | CA9: 0 | CB9: 0 | CC9: 0 | CD9: 0 | CE9: 0 | CF9: 0 | CG9: 0 | CH9: 0 | CI9: 0 | CJ9: 0 | CK9: 0 | CL9: 0 | CM9: 0 | CN9: 0 | CO9: 0 | CP9: 0 | CQ9: 0 | CR9: 0 | CS9: 0 | CT9: 0 | CU9: 0 | CV9: 0 | CW9: 0 | CX9: 0 | CY9: 0 | CZ9: 0 | DA9: 0 | DB9: 0 | DC9: 0 | DD9: 0 | DE9: 0 | DF9: 0 | DG9: 0 | DH9: 0 | DI9: 0 | DJ9: 0
A10: 9 | B10: 사업1 | C10: 협력2 | D10: 지원 | E10: 39203 | F10: 43799 | G10: 정규 | H10: 경영악화 | J10: 56.463659 | K10: 50.893442 | L10: 50.287961 | M10: 48.536611 | N10: 54.757331 | O10: 53.954747 | P10: 42.224705 | Q10: 56.638481 | R10: 47.599911 | S10: 45.349513 | T10: 42.120175 | U10: 52.728591 | V10: 59.096333 | W10: 61.030133 | X10: 62.067479 | Y10: 72.983486 | Z10: 95.533906 | AA10: 66.727633 | AB10: 64.005207 | AC10: 61.520211 | AD10: 66.087618 | AE10: 60.746797 | AF10: 64.999524 | AG10: 34.515181 | AH10: 72.528555 | AI10: 50.076388 | AJ10: 47.759265 | AK10: 61.717755 | AL10: 66.343188 | AM10: 62.502249 | AN10: 63.874799 | AO10: 52.854697 | AP10: 49.42446 | AQ10: 62.27136 | AR10: 52.365993 | AS10: 44.244759 | AT10: 51.598887 | AU10: 40.262326 | AV10: 68.208084 | AW10: 51.088781 | AX10: 47.967859 | AY10: 49.451296 | AZ10: 55.561875 | BA10: 56.650236 | BB10: 54.245693 | BC10: 44.863015 | BD10: 0 | BE10: 0 | BF10: 0 | BG10: 0 | BH10: 0 | BI10: 0 | BJ10: 0 | BK10: 0 | BL10: 0 | BM10: 0 | BN10: 0 | BO10: 0 | BP10: 0 | BQ10: 0 | BR10: 0 | BS10: 0 | BT10: 0 | BU10: 0 | BV10: 0 | BW10: 0 | BX10: 0 | BY10: 0 | BZ10: 0 | CA10: 0 | CB10: 0 | CC10: 0 | CD10: 0 | CE10: 0 | CF10: 0 | CG10: 0 | CH10: 0 | CI10: 0 | CJ10: 0 | CK10: 0 | CL10: 0 | CM10: 0 | CN10: 0 | CO10: 0 | CP10: 0 | CQ10: 0 | CR10: 0 | CS10: 0 | CT10: 0 | CU10: 0 | CV10: 0 | CW10: 0 | CX10: 0 | CY10: 0 | CZ10: 0 | DA10: 0 | DB10: 0 | DC10: 0 | DD10: 0 | DE10: 0 | DF10: 0 | DG10: 0 | DH10: 0 | DI10: 0 | DJ10: 0
A11: 10 | B11: 사업2 | C11: 협력1 | D11: 외장1 | E11: 41836 | F11: 43814 | G11: 정규 | H11: 경영악화 | J11: 58.091823 | K11: 54.132238 | L11: 57.696201 | M11: 56.909846 | N11: 62.355347 | O11: 64.911861 | P11: 50.319414 | Q11: 41.289318 | R11: 36.114069 | S11: 29.113024 | T11: 67.16616 | U11: 41.731415 | V11: 39.6791 | W11: 26.817186 | X11: 34.647772 | Y11: 53.925253 | Z11: 51.762921 | AA11: 52.891085 | AB11: 50.328158 | AC11: 54.509884 | AD11: 52.355841 | AE11: 55.12732 | AF11: 56.089638 | AG11: 50.317183 | AH11: 52.194868 | AI11: 47.947023 | AJ11: 57.447512 | AK11: 55.004136 | AL11: 65.045563 | AM11: 68.813746 | AN11: 79.974943 | AO11: 78.001898 | AP11: 79.881657 | AQ11: 72.106185 | AR11: 100 | AS11: 52.732884 | AT11: 71.25448 | AU11: 61.03504 | AV11: 51.968085 | AW11: 57.528307 | AX11: 36.441356 | AY11: 43.435291 | AZ11: 48.1874 | BA11: 49.623877 | BB11: 41.892716 | BC11: 28.819587 | BD11: 31.913919 | BE11: 0 | BF11: 0 | BG11: 0 | BH11: 0 | BI11: 0 | BJ11: 0 | BK11: 0 | BL11: 0 | BM11: 0 | BN11: 0 | BO11: 0 | BP11: 0 | BQ11: 0 | BR11: 0 | BS11: 0 | BT11: 0 | BU11: 0 | BV11: 0 | BW11: 0 | BX11: 0 | BY11: 0 | BZ11: 0 | CA11: 0 | CB11: 0 | CC11: 0 | CD11: 0 | CE11: 0 | CF11: 0 | CG11: 0 | CH11: 0 | CI11: 0 | CJ11: 0 | CK11: 0 | CL11: 0 | CM11: 0 | CN11: 0 | CO11: 0 | CP11: 0 | CQ11: 0 | CR11: 0 | CS11: 0 | CT11: 0 | CU11: 0 | CV11: 0 | CW11: 0 | CX11: 0 | CY11: 0 | CZ11: 0 | DA11: 0 | DB11: 0 | DC11: 0 | DD11: 0 | DE11: 0 | DF11: 0 | DG11: 0 | DH11: 0 | DI11: 0 | DJ11: 0
A12: 11 | B12: 사업1 | C12: 협력2 | D12: 공사 | E12: 40238 | F12: 44165 | G12: 정규 | H12: 경영악화 | J12: 54.470073 | K12: 42.851562 | L12: 45.53273 | M12: 42.525321 | N12: 36.308238 | O12: 40.020519 | P12: 40.796544 | Q12: 43.759217 | R12: 43.546484 | S12: 54.490036 | T12: 52.106029 | U12: 67.428049 | V12: 68.810157 | W12: 59.283589 | X12: 65.937256 | Y12: 71.017589 | Z12: 62.553104 | AA12: 58.444279 | AB12: 39.874543 | AC12: 50.582447 | AD12: 42.480837 | AE12: 50.175765 | AF12: 48.835589 | AG12: 69.191494 | AH12: 64.876136 | AI12: 70.475388 | AJ12: 61.026404 | AK12: 74.083344 | AL12: 77.978754 | AM12: 56.251538 | AN12: 52.677029 | AO12: 49.315827 | AP12: 42.870813 | AQ12: 57.232065 | AR12: 58.158476 | AS12: 52.447625 | AT12: 58.612109 | AU12: 51.247673 | AV12: 55.60509 | AW12: 56.422614 | AX12: 63.911757 | AY12: 54.555846 | AZ12: 64.27323 | BA12: 58.862526 | BB12: 55.598285 | BC12: 60.857051 | BD12: 45.787183 | BE12: 46.440865 | BF12: 0 | BG12: 7.0744195 | BH12: 26.693973 | BI12: 78.603306 | BJ12: 59.141207 | BK12: 31.825135 | BL12: 29.307379 | BM12: 51.268234 | BN12: 44.380881 | BO12: 137.0297 | BP12: 0 | BQ12: 0 | BR12: 0 | BS12: 0 | BT12: 0 | BU12: 0 | BV12: 0 | BW12: 0 | BX12: 0 | BY12: 0 | BZ12: 0 | CA12: 0 | CB12: 0 | CC12: 0 | CD12: 0 | CE12: 0 | CF12: 0 | CG12: 0 | CH12: 0 | CI12: 0 | CJ12: 0 | CK12: 0 | CL12: 0 | CM12: 0 | CN12: 0 | CO12: 0 | CP12: 0 | CQ12: 0 | CR12: 0 | CS12: 0 | CT12: 0 | CU12: 0 | CV12: 0 | CW12: 0 | CX12: 0 | CY12: 0 | CZ12: 0 | DA12: 0 | DB12: 0 | DC12: 0 | DD12: 0 | DE12: 0 | DF12: 0 | DG12: 0 | DH12: 0 | DI12: 0 | DJ12: 0
A13: 12 | B13: 사업1 | C13: 협력2 | D13: 공사 | E13: 42339 | F13: 44196 | G13: 정규 | H13: 경영악화 | J13: 57.365143 | K13: 49.830037 | L13: 52.776594 | M13: 48.020581 | N13: 50.279232 | O13: 50.985628 | P13: 70.504354 | Q13: 57.4331 | R13: 63.633285 | S13: 59.468794 | T13: 54.217558 | U13: 63.229204 | V13: 58.163139 | W13: 55.743009 | X13: 63.369305 | Y13: 64.724115 | Z13: 57.933872 | AA13: 61.077963 | AB13: 50.238734 | AC13: 70.395312 | AD13: 55.31036 | AE13: 61.642159 | AF13: 55.072816 | AG13: 60.357773 | AH13: 83.822076 | AI13: 74.853114 | AJ13: 64.450806 | AK13: 56.18431 | AL13: 70.251152 | AM13: 71.830818 | AN13: 67.569214 | AO13: 47.974217 | AP13: 54.734572 | AQ13: 70.557408 | AR13: 71.775062 | AS13: 67.871798 | AT13: 66.661426 | AU13: 53.196299 | AV13: 49.81349 | AW13: 73.733711 | AX13: 66.189112 | AY13: 59.612071 | AZ13: 69.530677 | BA13: 66.443967 | BB13: 55.169626 | BC13: 56.921905 | BD13: 41.29495 | BE13: 0 | BF13: 27.887048 | BG13: 40.580561 | BH13: 28.772868 | BI13: 32.847751 | BJ13: 44.447816 | BK13: 37.868203 | BL13: 43.947255 | BM13: 54.717227 | BN13: 52.835255 | BO13: 33.552511 | BP13: 30.644969 | BQ13: 0 | BR13: 0 | BS13: 0 | BT13: 0 | BU13: 0 | BV13: 0 | BW13: 0 | BX13: 0 | BY13: 0 | BZ13: 0 | CA13: 0 | CB13: 0 | CC13: 0 | CD13: 0 | CE13: 0 | CF13: 0 | CG13: 0 | CH13: 0 | CI13: 0 | CJ13: 0 | CK13: 0 | CL13: 0 | CM13: 0 | CN13: 0 | CO13: 0 | CP13: 0 | CQ13: 0 | CR13: 0 | CS13: 0 | CT13: 0 | CU13: 0 | CV13: 0 | CW13: 0 | CX13: 0 | CY13: 0 | CZ13: 0 | DA13: 0 | DB13: 0 | DC13: 0 | DD13: 0 | DE13: 0 | DF13: 0 | DG13: 0 | DH13: 0 | DI13: 0 | DJ13: 0
... A45: 44 | B45: 사업1 | C45: 협력2 | D45: 공장3 | E45: 43466 | F45: 45565 | G45: 정규 | H45: 경영악화 | J45: 0 | K45: 0 | L45: 0 | M45: 0 | N45: 0 | O45: 0 | P45: 0 | Q45: 0 | R45: 0 | S45: 0 | T45: 0 | U45: 0 | V45: 0 | W45: 0 | X45: 0 | Y45: 0 | Z45: 0 | AA45: 0 | AB45: 0 | AC45: 0 | AD45: 0 | AE45: 0 | AF45: 0 | AG45: 0 | AH45: 0 | AI45: 0 | AJ45: 0 | AK45: 0 | AL45: 0 | AM45: 0 | AN45: 0 | AO45: 0 | AP45: 0 | AQ45: 0 | AR45: 0 | AS45: 50.007869 | AT45: 55.309779 | AU45: 54.530714 | AV45: 57.910206 | AW45: 53.832996 | AX45: 67.430175 | AY45: 52.731357 | AZ45: 51.126084 | BA45: 58.732059 | BB45: 60.205384 | BC45: 66.075463 | BD45: 56.743854 | BE45: 71.171857 | BF45: 55.732282 | BG45: 52.966107 | BH45: 62.447795 | BI45: 68.175776 | BJ45: 55.54524 | BK45: 56.974369 | BL45: 51.610449 | BM45: 51.068531 | BN45: 54.971162 | BO45: 67.172251 | BP45: 54.311331 | BQ45: 70.435649 | BR45: 61.225702 | BS45: 49.888987 | BT45: 50.642614 | BU45: 56.344979 | BV45: 53.165174 | BW45: 55.50529 | BX45: 64.687335 | BY45: 58.629276 | BZ45: 73.619505 | CA45: 60.008296 | CB45: 60.604619 | CC45: 66.831162 | CD45: 62.814638 | CE45: 62.587523 | CF45: 62.336585 | CG45: 61.223047 | CH45: 58.861499 | CI45: 62.735371 | CJ45: 59.390677 | CK45: 66.256851 | CL45: 52.805613 | CM45: 65.805217 | CN45: 69.941104 | CO45: 73.369802 | CP45: 57.961191 | CQ45: 51.631624 | CR45: 15.885314 | CS45: 17.554382 | CT45: 83.223366 | CU45: 55.077886 | CV45: 74.681719 | CW45: 43.623317 | CX45: 44.72602 | CY45: 50.931124 | CZ45: 74.097014 | DA45: 56.90619 | DB45: 59.913408 | DC45: 47.305188 | DD45: 63.590471 | DE45: 50.677875 | DF45: 57.095813 | DG45: 50.481172 | DH45: 60.365398 | DI45: 48.57436 | DJ45: 0
A46: 45 | B46: 사업1 | C46: 협력2 | D46: 지원 | E46: 34790 | F46: - | G46: 정규 | H46: 거래중 | J46: 53.800712 | K46: 53.632532 | L46: 49.961841 | M46: 45.049417 | N46: 54.936109 | O46: 51.807134 | P46: 59.640474 | Q46: 63.764497 | R46: 80.489635 | S46: 77.555981 | T46: 67.317936 | U46: 56.462377 | V46: 78.389223 | W46: 80.742322 | X46: 64.643076 | Y46: 61.812361 | Z46: 62.271124 | AA46: 57.001736 | AB46: 96.402269 | AC46: 62.229049 | AD46: 59.709291 | AE46: 65.158034 | AF46: 69.319971 | AG46: 56.836606 | AH46: 46.24934 | AI46: 54.354819 | AJ46: 57.807154 | AK46: 72.593669 | AL46: 70.729865 | AM46: 51.542221 | AN46: 48.413426 | AO46: 53.959864 | AP46: 65.055961 | AQ46: 68.962602 | AR46: 61.494842 | AS46: 58.012549 | AT46: 79.438318 | AU46: 55.122536 | AV46: 49.825621 | AW46: 61.755492 | AX46: 66.271557 | AY46: 60.988935 | AZ46: 76.949384 | BA46: 63.697122 | BB46: 41.13248 | BC46: 59.058514 | BD46: 53.842601 | BE46: 56.833145 | BF46: 54.20259 | BG46: 53.580885 | BH46: 54.166601 | BI46: 49.891207 | BJ46: 72.499482 | BK46: 59.00273 | BL46: 54.531924 | BM46: 57.100778 | BN46: 57.400036 | BO46: 58.071795 | BP46: 59.72392 | BQ46: 60.886264 | BR46: 63.57501 | BS46: 61.218657 | BT46: 58.710101 | BU46: 62.03495 | BV46: 54.279752 | BW46: 53.391267 | BX46: 55.047039 | BY46: 59.332691 | BZ46: 61.51693 | CA46: 59.28342 | CB46: 55.011661 | CC46: 52.968945 | CD46: 56.167367 | CE46: 60.615272 | CF46: 57.001207 | CG46: 63.750398 | CH46: 62.421413 | CI46: 57.934217 | CJ46: 58.165909 | CK46: 65.115542 | CL46: 57.111989 | CM46: 58.05421 | CN46: 61.559174 | CO46: 59.031328 | CP46: 61.322567 | CQ46: 46.278162 | CR46: 53.791896 | CS46: 59.395341 | CT46: 61.044415 | CU46: 62.405646 | CV46: 62.569854 | CW46: 59.137482 | CX46: 37.966684 | CY46: 65.829371 | CZ46: 52.451516 | DA46: 49.687883 | DB46: 54.0305 | DC46: 54.928432 | DD46: 58.890346 | DE46: 63.980245 | DF46: 65.211092 | DG46: 64.462205 | DH46: 72.717508 | DI46: 70.078381 | DJ46: 59.478554
A47: 46 | B47: 사업1 | C47: 협력2 | D47: 공장3 | E47: 36990 | F47: - | G47: 정규 | H47: 거래중 | J47: 60.060336 | K47: 33.367582 | L47: 41.714511 | M47: 42.930546 | N47: 41.699025 | O47: 41.046519 | P47: 47.944533 | Q47: 52.797616 | R47: 49.831374 | S47: 48.170316 | T47: 44.373207 | U47: 56.511769 | V47: 58.129314 | W47: 49.809505 | X47: 58.350467 | Y47: 61.450968 | Z47: 49.503201 | AA47: 57.112936 | AB47: 91.718232 | AC47: 44.396491 | AD47: 33.426255 | AE47: 51.876095 | AF47: 55.88788 | AG47: 51.661636 | AH47: 55.513728 | AI47: 52.701391 | AJ47: 50.957473 | AK47: 48.828446 | AL47: 52.288778 | AM47: 50.950833 | AN47: 24.246148 | AO47: 80.198894 | AP47: 46.036645 | AQ47: 50.791523 | AR47: 40.15029 | AS47: 50.663939 | AT47: 45.401155 | AU47: 46.498114 | AV47: 42.596894 | AW47: 49.849217 | AX47: 55.237122 | AY47: 52.520965 | AZ47: 58.034437 | BA47: 57.03525 | BB47: 55.778127 | BC47: 51.262741 | BD47: 48.737933 | BE47: 52.194395 | BF47: 55.243963 | BG47: 54.121558 | BH47: 56.575672 | BI47: 60.31373 | BJ47: 58.393259 | BK47: 58.445079 | BL47: 59.457928 | BM47: 53.417793 | BN47: 62.110749 | BO47: 62.514706 | BP47: 59.572774 | BQ47: 52.420338 | BR47: 64.167622 | BS47: 53.821752 | BT47: 66.397519 | BU47: 63.699194 | BV47: 62.381148 | BW47: 63.705271 | BX47: 59.765556 | BY47: 61.967667 | BZ47: 59.942833 | CA47: 60.923942 | CB47: 61.277615 | CC47: 65.519625 | CD47: 70.653383 | CE47: 58.519145 | CF47: 64.312633 | CG47: 61.383502 | CH47: 66.148424 | CI47: 67.511634 | CJ47: 67.868551 | CK47: 63.82189 | CL47: 69.257448 | CM47: 63.16132 | CN47: 69.649386 | CO47: 68.079441 | CP47: 64.728936 | CQ47: 60.848294 | CR47: 25.172945 | CS47: 35.535446 | CT47: 87.416448 | CU47: 76.251839 | CV47: 65.98782 | CW47: 73.29775 | CX47: 63.367305 | CY47: 73.309355 | CZ47: 68.885154 | DA47: 76.383409 | DB47: 56.075634 | DC47: 62.987248 | DD47: 55.904567 | DE47: 66.290182 | DF47: 60.851505 | DG47: 65.08266 | DH47: 64.302034 | DI47: 65.738836 | DJ47: 56.848657
A48: 47 | B48: 사업2 | C48: 협력3 | D48: 외장2 | E48: 37168 | F48: - | G48: 정규 | H48: 거래중 | J48: 57.703006 | K48: 65.540624 | L48: 59.26779 | M48: 63.158862 | N48: 56.149805 | O48: 65.908702 | P48: 72.490738 | Q48: 64.939442 | R48: 60.24805 | S48: 59.465192 | T48: 56.000751 | U48: 59.874564 | V48: 46.55207 | W48: 52.026082 | X48: 46.970655 | Y48: 31.899847 | Z48: 42.218556 | AA48: 54.842899 | AB48: 51.68364 | AC48: 55.620782 | AD48: 56.50716 | AE48: 60.464105 | AF48: 50.779883 | AG48: 43.360277 | AH48: 53.310762 | AI48: 56.321597 | AJ48: 56.453505 | AK48: 64.585259 | AL48: 60.139741 | AM48: 58.910171 | AN48: 57.656854 | AO48: 55.460079 | AP48: 62.657521 | AQ48: 61.963132 | AR48: 66.965897 | AS48: 63.392393 | AT48: 66.178434 | AU48: 73.653445 | AV48: 55.531258 | AW48: 57.603772 | AX48: 54.451484 | AY48: 58.326294 | AZ48: 52.643794 | BA48: 63.831759 | BB48: 58.927038 | BC48: 62.252175 | BD48: 58.754974 | BE48: 63.527602 | BF48: 63.835878 | BG48: 62.652781 | BH48: 63.581384 | BI48: 65.571016 | BJ48: 54.476071 | BK48: 44.635469 | BL48: 44.94251 | BM48: 43.236585 | BN48: 39.263927 | BO48: 39.107164 | BP48: 46.574059 | BQ48: 43.624123 | BR48: 51.027814 | BS48: 59.166546 | BT48: 63.324817 | BU48: 58.856775 | BV48: 58.131475 | BW48: 60.288977 | BX48: 56.186088 | BY48: 63.169748 | BZ48: 62.299965 | CA48: 63.906884 | CB48: 60.408615 | CC48: 61.411381 | CD48: 65.472392 | CE48: 67.85638 | CF48: 69.572165 | CG48: 68.419055 | CH48: 64.795978 | CI48: 67.122097 | CJ48: 62.789366 | CK48: 63.31013 | CL48: 60.926852 | CM48: 64.361933 | CN48: 59.244412 | CO48: 61.157384 | CP48: 62.75058 | CQ48: 65.547055 | CR48: 65.479309 | CS48: 65.469708 | CT48: 64.049491 | CU48: 65.297779 | CV48: 63.065429 | CW48: 65.957541 | CX48: 63.551423 | CY48: 60.253742 | CZ48: 64.504955 | DA48: 66.007672 | DB48: 68.292129 | DC48: 69.16064 | DD48: 66.325181 | DE48: 68.517997 | DF48: 66.880782 | DG48: 69.354652 | DH48: 69.395256 | DI48: 70.156045 | DJ48: 69.227154
A49: 48 | B49: 사업1 | C49: 협력3 | D49: 외장3 | E49: 37469 | F49: - | G49: 정규 | H49: 거래중 | J49: 45.444652 | K49: 42.088997 | L49: 52.595477 | M49: 70.865306 | N49: 58.050947 | O49: 56.050108 | P49: 66.431784 | Q49: 57.247672 | R49: 52.995692 | S49: 63.440914 | T49: 57.334729 | U49: 58.042504 | V49: 60.035967 | W49: 61.203483 | X49: 56.995316 | Y49: 54.075193 | Z49: 44.192625 | AA49: 51.206118 | AB49: 47.555125 | AC49: 55.096648 | AD49: 46.332961 | AE49: 44.581633 | AF49: 45.561056 | AG49: 48.715 | AH49: 60.01544 | AI49: 67.712675 | AJ49: 70.013288 | AK49: 71.366351 | AL49: 59.644773 | AM49: 71.156032 | AN49: 81.311151 | AO49: 69.297018 | AP49: 80.90282 | AQ49: 69.168596 | AR49: 57.238815 | AS49: 60.401154 | AT49: 66.486714 | AU49: 65.693016 | AV49: 66.448685 | AW49: 74.510454 | AX49: 85.11331 | AY49: 73.9935 | AZ49: 67.429168 | BA49: 61.70852 | BB49: 56.02415 | BC49: 54.532544 | BD49: 51.018499 | BE49: 47.55849 | BF49: 46.484079 | BG49: 41.705727 | BH49: 50.432982 | BI49: 65.77585 | BJ49: 64.152818 | BK49: 72.165557 | BL49: 60.367753 | BM49: 56.402819 | BN49: 54.857145 | BO49: 57.386404 | BP49: 62.315366 | BQ49: 63.13086 | BR49: 64.202376 | BS49: 67.842313 | BT49: 74.416093 | BU49: 76.690995 | BV49: 72.228809 | BW49: 87.460732 | BX49: 96.373108 | BY49: 88.179207 | BZ49: 80.857238 | CA49: 72.527103 | CB49: 74.396074 | CC49: 86.980139 | CD49: 91.059414 | CE49: 58.547387 | CF49: 75.506622 | CG49: 85.894306 | CH49: 74.300736 | CI49: 68.186199 | CJ49: 72.360809 | CK49: 64.155472 | CL49: 60.213763 | CM49: 70.166467 | CN49: 63.777203 | CO49: 67.291686 | CP49: 73.316067 | CQ49: 69.234981 | CR49: 68.893076 | CS49: 66.942729 | CT49: 80.676718 | CU49: 79.111092 | CV49: 71.888026 | CW49: 59.240775 | CX49: 67.176175 | CY49: 61.939567 | CZ49: 69.374725 | DA49: 62.662779 | DB49: 72.585456 | DC49: 57.082178 | DD49: 56.363145 | DE49: 74.650625 | DF49: 85.696819 | DG49: 79.159718 | DH49: 77.678559 | DI49: 90.457587 | DJ49: 79.605115
A50: 49 | B50: 사업1 | C50: 협력2 | D50: 공장3 | E50: 37623 | F50: - | G50: 정규 | H50: 거래중 | J50: 63.023739 | K50: 48.659497 | L50: 44.71517 | M50: 54.182266 | N50: 62.020778 | O50: 56.111993 | P50: 71.532303 | Q50: 57.947332 | R50: 63.210009 | S50: 61.501555 | T50: 57.118396 | U50: 57.436721 | V50: 59.666522 | W50: 61.01936 | X50: 64.867851 | Y50: 61.389445 | Z50: 55.162682 | AA50: 59.313418 | AB50: 56.325175 | AC50: 59.586132 | AD50: 42.700354 | AE50: 59.208576 | AF50: 59.494883 | AG50: 54.128614 | AH50: 57.942842 | AI50: 77.67624 | AJ50: 67.72895 | AK50: 60.195261 | AL50: 78.979344 | AM50: 74.254408 | AN50: 69.747646 | AO50: 48.762982 | AP50: 45.004327 | AQ50: 58.178101 | AR50: 64.538955 | AS50: 63.946605 | AT50: 66.501273 | AU50: 65.039365 | AV50: 49.220974 | AW50: 62.655684 | AX50: 62.357327 | AY50: 59.38837 | AZ50: 68.71092 | BA50: 60.648974 | BB50: 53.741003 | BC50: 59.10399 | BD50: 48.440113 | BE50: 61.796695 | BF50: 57.77626 | BG50: 55.26081 | BH50: 64.768145 | BI50: 64.891483 | BJ50: 64.805417 | BK50: 71.830125 | BL50: 75.538025 | BM50: 52.926601 | BN50: 56.717284 | BO50: 59.992081 | BP50: 58.131595 | BQ50: 53.868532 | BR50: 50.255027 | BS50: 50.482529 | BT50: 42.0025 | BU50: 63.077907 | BV50: 62.271611 | BW50: 57.042091 | BX50: 62.095675 | BY50: 68.49059 | BZ50: 68.811518 | CA50: 69.369277 | CB50: 60.811259 | CC50: 63.447087 | CD50: 65.041026 | CE50: 63.09498 | CF50: 60.463964 | CG50: 61.319516 | CH50: 64.597117 | CI50: 60.957679 | CJ50: 60.754348 | CK50: 65.813685 | CL50: 50.534849 | CM50: 76.233954 | CN50: 70.006759 | CO50: 66.655789 | CP50: 64.262153 | CQ50: 62.111259 | CR50: 30.572205 | CS50: 29.662498 | CT50: 96.941114 | CU50: 52.848407 | CV50: 62.436808 | CW50: 71.24513 | CX50: 46.46793 | CY50: 57.635325 | CZ50: 59.651525 | DA50: 62.754095 | DB50: 62.583944 | DC50: 56.930329 | DD50: 56.54087 | DE50: 58.219423 | DF50: 52.794379 | DG50: 71.989975 | DH50: 45.637842 | DI50: 60.082552 | DJ50: 57.448711
A51: 50 | B51: 사업1 | C51: 협력1 | D51: 라인2 | E51: 37712 | F51: - | G51: 정규 | H51: 거래중 | J51: 57.139853 | K51: 55.406294 | L51: 54.353398 | M51: 50.279598 | N51: 56.490518 | O51: 64.071577 | P51: 58.598708 | Q51: 58.57697 | R51: 60.110547 | S51: 59.17067 | T51: 59.649847 | U51: 62.195429 | V51: 60.091913 | W51: 60.070816 | X51: 54.673498 | Y51: 60.192998 | Z51: 59.011448 | AA51: 54.961238 | AB51: 49.886922 | AC51: 57.593684 | AD51: 62.558184 | AE51: 59.53051 | AF51: 36.744864 | AG51: 93.229665 | AH51: 56.848306 | AI51: 58.125614 | AJ51: 57.83091 | AK51: 62.079959 | AL51: 63.433126 | AM51: 63.230328 | AN51: 64.567263 | AO51: 61.147727 | AP51: 60.470047 | AQ51: 60.697551 | AR51: 41.708204 | AS51: 71.288189 | AT51: 61.149233 | AU51: 62.129598 | AV51: 61.881866 | AW51: 61.084305 | AX51: 61.241296 | AY51: 60.502105 | AZ51: 58.652319 | BA51: 62.441437 | BB51: 60.762006 | BC51: 59.143942 | BD51: 59.07193 | BE51: 59.396193 | BF51: 51.469427 | BG51: 56.694899 | BH51: 62.566482 | BI51: 58.912089 | BJ51: 59.397332 | BK51: 64.798953 | BL51: 54.07923 | BM51: 61.921638 | BN51: 60.922342 | BO51: 57.937976 | BP51: 60.916777 | BQ51: 57.920177 | BR51: 63.336414 | BS51: 62.675313 | BT51: 64.84653 | BU51: 64.710109 | BV51: 64.466621 | BW51: 66.363103 | BX51: 63.517458 | BY51: 69.803462 | BZ51: 65.920377 | CA51: 65.347433 | CB51: 64.796073 | CC51: 63.612764 | CD51: 66.104036 | CE51: 65.328891 | CF51: 70.417362 | CG51: 71.012822 | CH51: 71.721943 | CI51: 72.082583 | CJ51: 66.001953 | CK51: 73.242545 | CL51: 67.060851 | CM51: 64.523311 | CN51: 73.868809 | CO51: 72.6283 | CP51: 68.100891 | CQ51: 68.385191 | CR51: 67.61795 | CS51: 65.006391 | CT51: 65.364216 | CU51: 67.031621 | CV51: 62.207797 | CW51: 60.824477 | CX51: 60.218155 | CY51: 65.154667 | CZ51: 62.363994 | DA51: 61.641835 | DB51: 59.63453 | DC51: 61.813424 | DD51: 64.963935 | DE51: 63.896576 | DF51: 65.880724 | DG51: 61.725463 | DH51: 66.731392 | DI51: 68.47863 | DJ51: 65.655334
A52: 51 | B52: 사업1 | C52: 협력2 | D52: 공장3 | E52: 38033 | F52: - | G52: 정규 | H52: 거래중 | J52: 62.475443 | K52: 41.060649 | L52: 43.726137 | M52: 46.076495 | N52: 46.285624 | O52: 44.59957 | P52: 52.89801 | Q52: 52.644494 | R52: 55.473999 | S52: 53.491441 | T52: 53.177972 | U52: 57.975121 | V52: 59.5336 | W52: 52.483901 | X52: 60.962708 | Y52: 62.184516 | Z52: 50.544554 | AA52: 63.519814 | AB52: 83.692971 | AC52: 50.532589 | AD52: 50.871837 | AE52: 48.238553 | AF52: 57.559806 | AG52: 52.585358 | AH52: 57.353269 | AI52: 59.164 | AJ52: 59.476299 | AK52: 62.02368 | AL52: 66.016953 | AM52: 67.865969 | AN52: 61.1134 | AO52: 59.255324 | AP52: 58.418637 | AQ52: 48.931502 | AR52: 63.975547 | AS52: 59.61634 | AT52: 59.920042 | AU52: 54.537173 | AV52: 57.702692 | AW52: 57.529267 | AX52: 60.95035 | AY52: 45.138116 | AZ52: 53.900189 | BA52: 64.565894 | BB52: 53.888908 | BC52: 58.470644 | BD52: 55.3175 | BE52: 63.421681 | BF52: 60.874109 | BG52: 58.902745 | BH52: 59.025042 | BI52: 64.405369 | BJ52: 59.144119 | BK52: 64.392885 | BL52: 64.070366 | BM52: 59.709208 | BN52: 60.200039 | BO52: 61.930029 | BP52: 63.709179 | BQ52: 76.763335 | BR52: 69.149791 | BS52: 51.819401 | BT52: 54.064989 | BU52: 61.21515 | BV52: 57.076026 | BW52: 61.498233 | BX52: 63.931044 | BY52: 64.780632 | BZ52: 72.653596 | CA52: 65.701464 | CB52: 64.833688 | CC52: 66.022687 | CD52: 66.0845 | CE52: 57.613072 | CF52: 63.589356 | CG52: 61.454097 | CH52: 60.893186 | CI52: 61.982001 | CJ52: 56.633817 | CK52: 67.214749 | CL52: 55.222509 | CM52: 67.235624 | CN52: 65.8906 | CO52: 62.343514 | CP52: 58.692379 | CQ52: 59.606188 | CR52: 35.612575 | CS52: 32.945849 | CT52: 90.065564 | CU52: 72.944476 | CV52: 62.120172 | CW52: 80.584453 | CX52: 73.383203 | CY52: 65.940973 | CZ52: 69.739128 | DA52: 63.822363 | DB52: 57.258755 | DC52: 52.358387 | DD52: 53.869285 | DE52: 58.01151 | DF52: 60.731437 | DG52: 61.854352 | DH52: 64.9392 | DI52: 53.16088 | DJ52: 60.422524
A53: 52 | B53: 사업1 | C53: 협력1 | D53: 내장1 | E53: 39022 | F53: - | G53: 정규 | H53: 거래중 | J53: 53.83637 | K53: 37.730199 | L53: 52.516866 | M53: 50.329155 | N53: 53.905313 | O53: 56.689227 | P53: 62.211054 | Q53: 53.594654 | R53: 55.909237 | S53: 52.64476 | T53: 53.596296 | U53: 53.743806 | V53: 59.031352 | W53: 53.119577 | X53: 59.49713 | Y53: 66.848831 | Z53: 56.015187 | AA53: 60.317386 | AB53: 46.909871 | AC53: 54.079449 | AD53: 47.579614 | AE53: 54.786216 | AF53: 59.652695 | AG53: 55.148669 | AH53: 52.902026 | AI53: 56.00316 | AJ53: 54.466222 | AK53: 58.175676 | AL53: 60.116898 | AM53: 65.422459 | AN53: 48.937357 | AO53: 60.384065 | AP53: 55.031878 | AQ53: 51.23225 | AR53: 53.004902 | AS53: 56.905891 | AT53: 52.932925 | AU53: 54.109379 | AV53: 55.788603 | AW53: 56.039809 | AX53: 59.578435 | AY53: 58.850363 | AZ53: 57.708944 | BA53: 54.377469 | BB53: 54.661297 | BC53: 55.440355 | BD53: 55.094443 | BE53: 53.533126 | BF53: 54.907707 | BG53: 55.893788 | BH53: 56.6716 | BI53: 55.901461 | BJ53: 55.409455 | BK53: 54.725647 | BL53: 52.911102 | BM53: 52.628766 | BN53: 53.728191 | BO53: 51.035849 | BP53: 54.936425 | BQ53: 52.150405 | BR53: 51.968142 | BS53: 53.505928 | BT53: 52.9576 | BU53: 53.397769 | BV53: 52.818213 | BW53: 58.353909 | BX53: 55.915121 | BY53: 56.421444 | BZ53: 54.671692 | CA53: 57.680779 | CB53: 56.638758 | CC53: 58.427433 | CD53: 59.935072 | CE53: 59.389342 | CF53: 60.802985 | CG53: 58.349748 | CH53: 57.596122 | CI53: 57.359026 | CJ53: 53.041637 | CK53: 56.321949 | CL53: 58.855432 | CM53: 58.024152 | CN53: 58.453668 | CO53: 58.00479 | CP53: 54.578646 | CQ53: 52.808717 | CR53: 58.607564 | CS53: 58.934286 | CT53: 58.594628 | CU53: 62.347973 | CV53: 58.891203 | CW53: 66.322036 | CX53: 62.758581 | CY53: 62.359181 | CZ53: 61.062194 | DA53: 62.262428 | DB53: 56.769873 | DC53: 59.262086 | DD53: 55.175341 | DE53: 58.427878 | DF53: 58.949114 | DG53: 59.500016 | DH53: 50.992985 | DI53: 55.49382 | DJ53: 57.095198
A54: 53 | B54: 사업1 | C54: 협력1 | D54: 외장1 | E54: 39188 | F54: - | G54: 정규 | H54: 거래중 | J54: 67.872777 | K54: 52.007422 | L54: 71.334925 | M54: 61.37867 | N54: 58.378803 | O54: 59.02268 | P54: 50.348558 | Q54: 76.493872 | R54: 62.873185 | S54: 63.038933 | T54: 62.410639 | U54: 61.147291 | V54: 55.760942 | W54: 54.027716 | X54: 57.600949 | Y54: 55.181942 | Z54: 64.629992 | AA54: 59.990567 | AB54: 60.578412 | AC54: 63.287236 | AD54: 58.389586 | AE54: 55.882902 | AF54: 53.539677 | AG54: 45.521984 | AH54: 55.632424 | AI54: 53.384262 | AJ54: 59.779508 | AK54: 62.139065 | AL54: 59.663866 | AM54: 66.786117 | AN54: 62.42652 | AO54: 64.309424 | AP54: 58.268482 | AQ54: 63.057135 | AR54: 57.7176 | AS54: 56.04109 | AT54: 61.075694 | AU54: 54.591602 | AV54: 57.16014 | AW54: 54.970535 | AX54: 55.312887 | AY54: 52.844741 | AZ54: 54.28704 | BA54: 57.737335 | BB54: 49.923066 | BC54: 54.577907 | BD54: 50.940707 | BE54: 57.071334 | BF54: 52.561787 | BG54: 53.740344 | BH54: 57.754239 | BI54: 59.759185 | BJ54: 55.506753 | BK54: 58.329 | BL54: 52.886732 | BM54: 46.42061 | BN54: 53.811702 | BO54: 53.415401 | BP54: 52.078552 | BQ54: 52.600149 | BR54: 55.328172 | BS54: 53.770782 | BT54: 51.249415 | BU54: 55.129658 | BV54: 58.76611 | BW54: 56.690458 | BX54: 61.40132 | BY54: 60.231646 | BZ54: 53.703379 | CA54: 71.913004 | CB54: 59.656948 | CC54: 59.193326 | CD54: 60.621008 | CE54: 60.035613 | CF54: 60.749437 | CG54: 61.279391 | CH54: 61.799175 | CI54: 63.294575 | CJ54: 63.578674 | CK54: 62.878484 | CL54: 61.180146 | CM54: 63.537538 | CN54: 63.314752 | CO54: 60.053694 | CP54: 59.987849 | CQ54: 60.67438 | CR54: 60.572707 | CS54: 57.720695 | CT54: 61.142947 | CU54: 61.12691 | CV54: 61.53424 | CW54: 61.881105 | CX54: 63.355809 | CY54: 64.444971 | CZ54: 64.547944 | DA54: 64.564328 | DB54: 67.790584 | DC54: 65.678149 | DD54: 65.620322 | DE54: 64.660904 | DF54: 68.63991 | DG54: 63.591254 | DH54: 67.10127 | DI54: 64.955715 | DJ54: 63.993849
A55: 54 | B55: 사업1 | C55: 협력1 | D55: 라인2 | E55: 39479 | F55: - | G55: 정규 | H55: 거래중 | J55: 61.745886 | K55: 63.166083 | L55: 62.947818 | M55: 59.075275 | N55: 55.795445 | O55: 63.162903 | P55: 42.76394 | Q55: 37.911677 | R55: 64.937732 | S55: 60.31898 | T55: 61.001031 | U55: 61.61278 | V55: 49.83288 | W55: 50.505269 | X55: 53.478087 | Y55: 57.204971 | Z55: 58.938552 | AA55: 60.626602 | AB55: 60.0603 | AC55: 60.648405 | AD55: 61.677097 | AE55: 59.72686 | AF55: 59.877088 | AG55: 60.67653 | AH55: 60.193727 | AI55: 61.769252 | AJ55: 61.971279 | AK55: 70.686389 | AL55: 64.691235 | AM55: 63.784914 | AN55: 62.006764 | AO55: 62.111641 | AP55: 61.496248 | AQ55: 61.353066 | AR55: 60.728515 | AS55: 61.144514 | AT55: 62.813418 | AU55: 62.149648 | AV55: 58.760988 | AW55: 60.385572 | AX55: 50.291861 | AY55: 49.590426 | AZ55: 50.67883 | BA55: 49.93795 | BB55: 47.641061 | BC55: 51.457734 | BD55: 51.926632 | BE55: 51.067309 | BF55: 58.387334 | BG55: 53.000267 | BH55: 53.458701 | BI55: 58.083306 | BJ55: 56.534247 | BK55: 63.368089 | BL55: 50.568386 | BM55: 55.372041 | BN55: 57.66721 | BO55: 55.750919 | BP55: 59.132905 | BQ55: 59.718255 | BR55: 61.851625 | BS55: 62.205263 | BT55: 59.231361 | BU55: 63.763245 | BV55: 66.508383 | BW55: 68.817621 | BX55: 62.103293 | BY55: 66.961212 | BZ55: 61.743406 | CA55: 66.010533 | CB55: 66.304568 | CC55: 71.287023 | CD55: 70.227099 | CE55: 72.472265 | CF55: 75.724552 | CG55: 69.417329 | CH55: 74.538542 | CI55: 70.755056 | CJ55: 74.631554 | CK55: 67.345477 | CL55: 64.043537 | CM55: 66.015152 | CN55: 63.701941 | CO55: 69.355221 | CP55: 65.868533 | CQ55: 66.392351 | CR55: 66.225227 | CS55: 68.293866 | CT55: 58.781439 | CU55: 64.606423 | CV55: 67.295523 | CW55: 63.393352 | CX55: 63.279389 | CY55: 62.921588 | CZ55: 67.94869 | DA55: 67.093644 | DB55: 67.733022 | DC55: 68.245725 | DD55: 67.074167 | DE55: 67.330396 | DF55: 66.731682 | DG55: 68.905489 | DH55: 67.199805 | DI55: 66.240195 | DJ55: 65.041294
A56: 55 | B56: 사업1 | C56: 협력3 | D56: 외장3 | E56: 39615 | F56: - | G56: 정규 | H56: 거래중 | J56: 42.455849 | K56: 49.214026 | L56: 43.949749 | M56: 44.104593 | N56: 38.154474 | O56: 52.280366 | P56: 42.871439 | Q56: 46.126343 | R56: 42.594384 | S56: 44.673945 | T56: 33.807271 | U56: 52.090432 | V56: 45.166032 | W56: 51.914126 | X56: 45.063798 | Y56: 51.016861 | Z56: 42.336499 | AA56: 41.200885 | AB56: 48.038957 | AC56: 60.350599 | AD56: 60.279644 | AE56: 55.99293 | AF56: 55.013691 | AG56: 53.909403 | AH56: 68.805389 | AI56: 47.301675 | AJ56: 57.897133 | AK56: 52.519667 | AL56: 56.797455 | AM56: 63.273038 | AN56: 59.641483 | AO56: 48.015703 | AP56: 61.25229 | AQ56: 55.543354 | AR56: 46.993695 | AS56: 58.498194 | AT56: 58.28973 | AU56: 57.986643 | AV56: 57.003889 | AW56: 61.105048 | AX56: 70.1754 | AY56: 62.251887 | AZ56: 62.900449 | BA56: 65.593508 | BB56: 50.863773 | BC56: 44.353393 | BD56: 58.668605 | BE56: 50.397712 | BF56: 52.089114 | BG56: 55.623738 | BH56: 52.886316 | BI56: 68.848946 | BJ56: 56.900977 | BK56: 60.396028 | BL56: 62.028945 | BM56: 54.460748 | BN56: 55.187769 | BO56: 52.014671 | BP56: 60.268352 | BQ56: 57.470488 | BR56: 69.251424 | BS56: 59.265107 | BT56: 65.435536 | BU56: 72.610208 | BV56: 70.253894 | BW56: 71.92223 | BX56: 83.557932 | BY56: 81.10756 | BZ56: 76.878056 | CA56: 69.366428 | CB56: 66.543676 | CC56: 76.63092 | CD56: 72.182147 | CE56: 59.65847 | CF56: 70.048435 | CG56: 70.111992 | CH56: 70.91403 | CI56: 66.734996 | CJ56: 61.333686 | CK56: 57.281757 | CL56: 57.292989 | CM56: 67.602455 | CN56: 62.351996 | CO56: 52.471959 | CP56: 61.10256 | CQ56: 55.841296 | CR56: 65.843007 | CS56: 57.748983 | CT56: 66.44215 | CU56: 77.160984 | CV56: 71.785685 | CW56: 55.140455 | CX56: 64.410628 | CY56: 64.326103 | CZ56: 65.693861 | DA56: 64.527981 | DB56: 64.665411 | DC56: 56.275581 | DD56: 63.894598 | DE56: 65.102407 | DF56: 73.803429 | DG56: 69.833373 | DH56: 72.066087 | DI56: 70.786027 | DJ56: 63.692121
A57: 56 | B57: 사업1 | C57: 협력2 | D57: 공장2 | E57: 40330 | F57: - | G57: 정규 | H57: 거래중 | J57: 69.439138 | K57: 58.39187 | L57: 55.672033 | M57: 48.841046 | N57: 50.170641 | O57: 47.830742 | P57: 43.056031 | Q57: 51.992054 | R57: 64.984859 | S57: 51.201226 | T57: 52.336276 | U57: 62.296597 | V57: 63.76742 | W57: 72.300419 | X57: 71.142789 | Y57: 87.267506 | Z57: 67.726795 | AA57: 60.723557 | AB57: 48.341828 | AC57: 41.073996 | AD57: 49.064927 | AE57: 57.768647 | AF57: 80.506349 | AG57: 62.447197 | AH57: 64.946587 | AI57: 64.044098 | AJ57: 63.390768 | AK57: 67.311988 | AL57: 62.350849 | AM57: 56.601671 | AN57: 66.982107 | AO57: 65.885077 | AP57: 57.022472 | AQ57: 65.055405 | AR57: 75.182062 | AS57: 61.79076 | AT57: 76.333435 | AU57: 63.680412 | AV57: 59.145633 | AW57: 62.290136 | AX57: 75.135431 | AY57: 62.356264 | AZ57: 78.966679 | BA57: 73.763011 | BB57: 60.022584 | BC57: 60.72179 | BD57: 63.237913 | BE57: 70.996214 | BF57: 68.035231 | BG57: 62.586984 | BH57: 69.099996 | BI57: 75.646985 | BJ57: 68.607361 | BK57: 61.906818 | BL57: 81.025557 | BM57: 66.008962 | BN57: 72.198534 | BO57: 72.195749 | BP57: 65.020309 | BQ57: 68.566657 | BR57: 69.146525 | BS57: 58.246612 | BT57: 62.462173 | BU57: 69.438094 | BV57: 62.413267 | BW57: 61.318252 | BX57: 70.597493 | BY57: 64.468088 | BZ57: 66.130569 | CA57: 62.5286 | CB57: 62.206594 | CC57: 66.631258 | CD57: 68.605864 | CE57: 61.457761 | CF57: 63.900969 | CG57: 63.632311 | CH57: 63.763008 | CI57: 63.972251 | CJ57: 67.172696 | CK57: 66.589744 | CL57: 64.52782 | CM57: 64.626838 | CN57: 65.091907 | CO57: 69.482557 | CP57: 60.359483 | CQ57: 63.147652 | CR57: 28.513825 | CS57: 46.211638 | CT57: 89.623879 | CU57: 67.582833 | CV57: 68.880677 | CW57: 73.14842 | CX57: 65.879824 | CY57: 69.043313 | CZ57: 65.350745 | DA57: 70.756828 | DB57: 64.107442 | DC57: 60.521492 | DD57: 62.33754 | DE57: 65.435744 | DF57: 65.401426 | DG57: 64.100432 | DH57: 64.00021 | DI57: 58.611321 | DJ57: 61.540097
... A128: 127 | B128: 사업1 | C128: 협력1 | D128: 외장1 | E128: 45597 | F128: - | G128: 정규 | H128: 거래중 | J128: 0 | K128: 0 | L128: 0 | M128: 0 | N128: 0 | O128: 0 | P128: 0 | Q128: 0 | R128: 0 | S128: 0 | T128: 0 | U128: 0 | V128: 0 | W128: 0 | X128: 0 | Y128: 0 | Z128: 0 | AA128: 0 | AB128: 0 | AC128: 0 | AD128: 0 | AE128: 0 | AF128: 0 | AG128: 0 | AH128: 0 | AI128: 0 | AJ128: 0 | AK128: 0 | AL128: 0 | AM128: 0 | AN128: 0 | AO128: 0 | AP128: 0 | AQ128: 0 | AR128: 0 | AS128: 0 | AT128: 0 | AU128: 0 | AV128: 0 | AW128: 0 | AX128: 0 | AY128: 0 | AZ128: 0 | BA128: 0 | BB128: 0 | BC128: 0 | BD128: 0 | BE128: 0 | BF128: 0 | BG128: 0 | BH128: 0 | BI128: 0 | BJ128: 0 | BK128: 0 | BL128: 0 | BM128: 0 | BN128: 0 | BO128: 0 | BP128: 0 | BQ128: 0 | BR128: 0 | BS128: 0 | BT128: 0 | BU128: 0 | BV128: 0 | BW128: 0 | BX128: 0 | BY128: 0 | BZ128: 0 | CA128: 0 | CB128: 0 | CC128: 0 | CD128: 0 | CE128: 0 | CF128: 0 | CG128: 0 | CH128: 0 | CI128: 0 | CJ128: 0 | CK128: 0 | CL128: 0 | CM128: 0 | CN128: 0 | CO128: 0 | CP128: 0 | CQ128: 0 | CR128: 0 | CS128: 0 | CT128: 0 | CU128: 0 | CV128: 0 | CW128: 0 | CX128: 0 | CY128: 0 | CZ128: 0 | DA128: 0 | DB128: 0 | DC128: 0 | DD128: 0 | DE128: 0 | DF128: 0 | DG128: 0 | DH128: 0 | DI128: 0 | DJ128: 0

Sheet 환산능률
A1: No. | B1: 구분 | C1: 중구분 | D1: 소구분 | E1: 당사투입일 | F1: 계약종결일 | G1: 협력사구분 | H1: 계약종결사유 | J1: 42411 | K1: 42441 | L1: 42471 | M1: 42501 | N1: 42531 | O1: 42561 | P1: 42591 | Q1: 42621 | R1: 42651 | S1: 42681 | T1: 42711 | U1: 42741 | V1: 42771 | W1: 42801 | X1: 42831 | Y1: 42861 | Z1: 42891 | AA1: 42921 | AB1: 42951 | AC1: 42981 | AD1: 43011 | AE1: 43041 | AF1: 43071 | AG1: 43101 | AH1: 43132 | AI1: 43161 | AJ1: 43191 | AK1: 43221 | AL1: 43281 | AM1: 43311 | AN1: 43341 | AO1: 43371 | AP1: 43401 | AQ1: 43431 | AR1: 43461 | AS1: 43491 | AT1: 43521 | AU1: 43551 | AV1: 43581 | AW1: 43611 | AX1: 43641 | AY1: 43671 | AZ1: 43701 | BA1: 43731 | BB1: 43761 | BC1: 43791 | BD1: 43821 | BE1: 43851 | BF1: 43881 | BG1: 43911 | BH1: 43941 | BI1: 43971 | BJ1: 44001 | BK1: 44031 | BL1: 44061 | BM1: 44091 | BN1: 44121 | BO1: 44151 | BP1: 44181 | BQ1: 44211 | BR1: 44241 | BS1: 44271 | BT1: 44301 | BU1: 44331 | BV1: 44361 | BW1: 44391 | BX1: 44421 | BY1: 44451 | BZ1: 44481 | CA1: 44511 | CB1: 44541 | CC1: 44571 | CD1: 44601 | CE1: 44631 | CF1: 44661 | CG1: 44691 | CH1: 44721 | CI1: 44751 | CJ1: 44781 | CK1: 44811 | CL1: 44841 | CM1: 44871 | CN1: 44901 | CO1: 44931 | CP1: 44961 | CQ1: 44991 | CR1: 45021 | CS1: 45051 | CT1: 45081 | CU1: 45111 | CV1: 45141 | CW1: 45171 | CX1: 45201 | CY1: 45231 | CZ1: 45261 | DA1: 45321 | DB1: 45351 | DC1: 45381 | DD1: 45411 | DE1: 45441 | DF1: 45471 | DG1: 45501 | DH1: 45531 | DI1: 45561 | DJ1: 45591
A2: 1 | B2: 사업1 | C2: 협력1 | D2: 라인2 | E2: 42380 | F2: 43131 | G2: 정규 | H2: 경영악화 | J2: 74.530718 | K2: 54.293674 | L2: 68.116277 | M2: 60.223658 | N2: 61.925178 | O2: 57.347249 | P2: 61.460841 | Q2: 55.743359 | R2: 57.826736 | S2: 60.43092 | T2: 51.317451 | U2: 51.066807 | V2: 47.636547 | W2: 55.794733 | X2: 56.156981 | Y2: 60.703798 | Z2: 61.649513 | AA2: 61.710519 | AB2: 60.261027 | AC2: 59.015765 | AD2: 57.139844 | AE2: 55.6222 | AF2: 57.366967 | AG2: 43.563006 | AH2: 0 | AI2: 0 | AJ2: 0 | AK2: 0 | AL2: 0 | AM2: 0 | AN2: 0 | AO2: 0 | AP2: 0 | AQ2: 0 | AR2: 0 | AS2: 0 | AT2: 0 | AU2: 0 | AV2: 0 | AW2: 0 | AX2: 0 | AY2: 0 | AZ2: 0 | BA2: 0 | BB2: 0 | BC2: 0 | BD2: 0 | BE2: 0 | BF2: 0 | BG2: 0 | BH2: 0 | BI2: 0 | BJ2: 0 | BK2: 0 | BL2: 0 | BM2: 0 | BN2: 0 | BO2: 0 | BP2: 0 | BQ2: 0 | BR2: 0 | BS2: 0 | BT2: 0 | BU2: 0 | BV2: 0 | BW2: 0 | BX2: 0 | BY2: 0 | BZ2: 0 | CA2: 0 | CB2: 0 | CC2: 0 | CD2: 0 | CE2: 0 | CF2: 0 | CG2: 0 | CH2: 0 | CI2: 0 | CJ2: 0 | CK2: 0 | CL2: 0 | CM2: 0 | CN2: 0 | CO2: 0 | CP2: 0 | CQ2: 0 | CR2: 0 | CS2: 0 | CT2: 0 | CU2: 0 | CV2: 0 | CW2: 0 | CX2: 0 | CY2: 0 | CZ2: 0 | DA2: 0 | DB2: 0 | DC2: 0 | DD2: 0 | DE2: 0 | DF2: 0 | DG2: 0 | DH2: 0 | DI2: 0 | DJ2: 0
A3: 2 | B3: 사업1 | C3: 협력1 | D3: 외장1 | E3: 35149 | F3: 43131 | G3: 정규 | H3: 경영악화 | J3: 59.073537 | K3: 54.813054 | L3: 55.029922 | M3: 53.604016 | N3: 58.737393 | O3: 60.061941 | P3: 67.672788 | Q3: 64.572942 | R3: 59.240967 | S3: 62.556022 | T3: 61.924851 | U3: 62.916594 | V3: 50.804682 | W3: 67.749504 | X3: 59.684691 | Y3: 60.634611 | Z3: 64.625032 | AA3: 59.425261 | AB3: 55.402581 | AC3: 53.259789 | AD3: 45.790093 | AE3: 45.180981 | AF3: 57.781994 | AG3: 106.21865 | AH3: 0 | AI3: 0 | AJ3: 0 | AK3: 0 | AL3: 0 | AM3: 0 | AN3: 0 | AO3: 0 | AP3: 0 | AQ3: 0 | AR3: 0 | AS3: 0 | AT3: 0 | AU3: 0 | AV3: 0 | AW3: 0 | AX3: 0 | AY3: 0 | AZ3: 0 | BA3: 0 | BB3: 0 | BC3: 0 | BD3: 0 | BE3: 0 | BF3: 0 | BG3: 0 | BH3: 0 | BI3: 0 | BJ3: 0 | BK3: 0 | BL3: 0 | BM3: 0 | BN3: 0 | BO3: 0 | BP3: 0 | BQ3: 0 | BR3: 0 | BS3: 0 | BT3: 0 | BU3: 0 | BV3: 0 | BW3: 0 | BX3: 0 | BY3: 0 | BZ3: 0 | CA3: 0 | CB3: 0 | CC3: 0 | CD3: 0 | CE3: 0 | CF3: 0 | CG3: 0 | CH3: 0 | CI3: 0 | CJ3: 0 | CK3: 0 | CL3: 0 | CM3: 0 | CN3: 0 | CO3: 0 | CP3: 0 | CQ3: 0 | CR3: 0 | CS3: 0 | CT3: 0 | CU3: 0 | CV3: 0 | CW3: 0 | CX3: 0 | CY3: 0 | CZ3: 0 | DA3: 0 | DB3: 0 | DC3: 0 | DD3: 0 | DE3: 0 | DF3: 0 | DG3: 0 | DH3: 0 | DI3: 0 | DJ3: 0
A4: 3 | B4: 사업1 | C4: 협력1 | D4: 공사 | E4: 38071 | F4: 43159 | G4: 정규 | H4: 경영악화 | J4: 76.773515 | K4: 70.158764 | L4: 49.968478 | M4: 54.090733 | N4: 62.830121 | O4: 73.540124 | P4: 72.596183 | Q4: 70.785269 | R4: 50.675645 | S4: 68.84998 | T4: 71.926505 | U4: 55.977436 | V4: 57.028883 | W4: 70.361497 | X4: 46.380481 | Y4: 76.147741 | Z4: 68.121724 | AA4: 62.026427 | AB4: 66.156857 | AC4: 58.263228 | AD4: 52.5268 | AE4: 64.556058 | AF4: 62.711825 | AG4: 45.115291 | AH4: 55.704134 | AI4: 0 | AJ4: 0 | AK4: 0 | AL4: 0 | AM4: 0 | AN4: 0 | AO4: 0 | AP4: 0 | AQ4: 0 | AR4: 0 | AS4: 0 | AT4: 0 | AU4: 0 | AV4: 0 | AW4: 0 | AX4: 0 | AY4: 0 | AZ4: 0 | BA4: 0 | BB4: 0 | BC4: 0 | BD4: 0 | BE4: 0 | BF4: 0 | BG4: 0 | BH4: 0 | BI4: 0 | BJ4: 0 | BK4: 0 | BL4: 0 | BM4: 0 | BN4: 0 | BO4: 0 | BP4: 0 | BQ4: 0 | BR4: 0 | BS4: 0 | BT4: 0 | BU4: 0 | BV4: 0 | BW4: 0 | BX4: 0 | BY4: 0 | BZ4: 0 | CA4: 0 | CB4: 0 | CC4: 0 | CD4: 0 | CE4: 0 | CF4: 0 | CG4: 0 | CH4: 0 | CI4: 0 | CJ4: 0 | CK4: 0 | CL4: 0 | CM4: 0 | CN4: 0 | CO4: 0 | CP4: 0 | CQ4: 0 | CR4: 0 | CS4: 0 | CT4: 0 | CU4: 0 | CV4: 0 | CW4: 0 | CX4: 0 | CY4: 0 | CZ4: 0 | DA4: 0 | DB4: 0 | DC4: 0 | DD4: 0 | DE4: 0 | DF4: 0 | DG4: 0 | DH4: 0 | DI4: 0 | DJ4: 0
A5: 4 | B5: 사업2 | C5: 협력1 | D5: 라인2 | E5: 42292 | F5: 43190 | G5: 정규 | H5: 경영악화 | J5: 58.577374 | K5: 35.572919 | L5: 59.660975 | M5: 51.538385 | N5: 52.928702 | O5: 86.221715 | P5: 72.290423 | Q5: 68.90201 | R5: 59.411411 | S5: 60.639047 | T5: 65.231696 | U5: 76.813194 | V5: 101.22062 | W5: 77.289581 | X5: 85.097191 | Y5: 51.50786 | Z5: 55.828182 | AA5: 55.196364 | AB5: 64.302331 | AC5: 54.771776 | AD5: 73.958869 | AE5: 64.519962 | AF5: 59.894427 | AG5: 58.610456 | AH5: 66.126071 | AI5: 73.927959 | AJ5: 0 | AK5: 0 | AL5: 0 | AM5: 0 | AN5: 0 | AO5: 0 | AP5: 0 | AQ5: 0 | AR5: 0 | AS5: 0 | AT5: 0 | AU5: 0 | AV5: 0 | AW5: 0 | AX5: 0 | AY5: 0 | AZ5: 0 | BA5: 0 | BB5: 0 | BC5: 0 | BD5: 0 | BE5: 0 | BF5: 0 | BG5: 0 | BH5: 0 | BI5: 0 | BJ5: 0 | BK5: 0 | BL5: 0 | BM5: 0 | BN5: 0 | BO5: 0 | BP5: 0 | BQ5: 0 | BR5: 0 | BS5: 0 | BT5: 0 | BU5: 0 | BV5: 0 | BW5: 0 | BX5: 0 | BY5: 0 | BZ5: 0 | CA5: 0 | CB5: 0 | CC5: 0 | CD5: 0 | CE5: 0 | CF5: 0 | CG5: 0 | CH5: 0 | CI5: 0 | CJ5: 0 | CK5: 0 | CL5: 0 | CM5: 0 | CN5: 0 | CO5: 0 | CP5: 0 | CQ5: 0 | CR5: 0 | CS5: 0 | CT5: 0 | CU5: 0 | CV5: 0 | CW5: 0 | CX5: 0 | CY5: 0 | CZ5: 0 | DA5: 0 | DB5: 0 | DC5: 0 | DD5: 0 | DE5: 0 | DF5: 0 | DG5: 0 | DH5: 0 | DI5: 0 | DJ5: 0
A6: 5 | B6: 사업1 | C6: 협력1 | D6: 공사 | E6: 43161 | F6: 43312 | G6: 정규 | H6: 경영악화 | J6: 0 | K6: 0 | L6: 0 | M6: 0 | N6: 0 | O6: 0 | P6: 0 | Q6: 0 | R6: 0 | S6: 0 | T6: 0 | U6: 0 | V6: 0 | W6: 0 | X6: 0 | Y6: 0 | Z6: 0 | AA6: 0 | AB6: 0 | AC6: 0 | AD6: 0 | AE6: 0 | AF6: 0 | AG6: 0 | AH6: 0 | AI6: 55.589743 | AJ6: 53.629931 | AK6: 57.111433 | AL6: 53.96582 | AM6: 57.067222 | AN6: 0 | AO6: 0 | AP6: 0 | AQ6: 0 | AR6: 0 | AS6: 0 | AT6: 0 | AU6: 0 | AV6: 0 | AW6: 0 | AX6: 0 | AY6: 0 | AZ6: 0 | BA6: 0 | BB6: 0 | BC6: 0 | BD6: 0 | BE6: 0 | BF6: 0 | BG6: 0 | BH6: 0 | BI6: 0 | BJ6: 0 | BK6: 0 | BL6: 0 | BM6: 0 | BN6: 0 | BO6: 0 | BP6: 0 | BQ6: 0 | BR6: 0 | BS6: 0 | BT6: 0 | BU6: 0 | BV6: 0 | BW6: 0 | BX6: 0 | BY6: 0 | BZ6: 0 | CA6: 0 | CB6: 0 | CC6: 0 | CD6: 0 | CE6: 0 | CF6: 0 | CG6: 0 | CH6: 0 | CI6: 0 | CJ6: 0 | CK6: 0 | CL6: 0 | CM6: 0 | CN6: 0 | CO6: 0 | CP6: 0 | CQ6: 0 | CR6: 0 | CS6: 0 | CT6: 0 | CU6: 0 | CV6: 0 | CW6: 0 | CX6: 0 | CY6: 0 | CZ6: 0 | DA6: 0 | DB6: 0 | DC6: 0 | DD6: 0 | DE6: 0 | DF6: 0 | DG6: 0 | DH6: 0 | DI6: 0 | DJ6: 0
A7: 6 | B7: 사업2 | C7: 협력1 | D7: 라인2 | E7: 37956 | F7: 43312 | G7: 정규 | H7: 경영악화 | J7: 60.098168 | K7: 52.867335 | L7: 64.58477 | M7: 64.379493 | N7: 61.51323 | O7: 64.373723 | P7: 62.884582 | Q7: 63.839516 | R7: 63.342768 | S7: 63.380148 | T7: 59.395087 | U7: 65.94132 | V7: 56.833256 | W7: 59.42474 | X7: 65.359301 | Y7: 67.427095 | Z7: 70.72534 | AA7: 59.72471 | AB7: 68.359048 | AC7: 64.397571 | AD7: 59.536713 | AE7: 59.460507 | AF7: 63.323207 | AG7: 60.978031 | AH7: 63.411439 | AI7: 59.25042 | AJ7: 55.722996 | AK7: 65.095583 | AL7: 63.000609 | AM7: 67.85715 | AN7: 0 | AO7: 0 | AP7: 0 | AQ7: 0 | AR7: 0 | AS7: 0 | AT7: 0 | AU7: 0 | AV7: 0 | AW7: 0 | AX7: 0 | AY7: 0 | AZ7: 0 | BA7: 0 | BB7: 0 | BC7: 0 | BD7: 0 | BE7: 0 | BF7: 0 | BG7: 0 | BH7: 0 | BI7: 0 | BJ7: 0 | BK7: 0 | BL7: 0 | BM7: 0 | BN7: 0 | BO7: 0 | BP7: 0 | BQ7: 0 | BR7: 0 | BS7: 0 | BT7: 0 | BU7: 0 | BV7: 0 | BW7: 0 | BX7: 0 | BY7: 0 | BZ7: 0 | CA7: 0 | CB7: 0 | CC7: 0 | CD7: 0 | CE7: 0 | CF7: 0 | CG7: 0 | CH7: 0 | CI7: 0 | CJ7: 0 | CK7: 0 | CL7: 0 | CM7: 0 | CN7: 0 | CO7: 0 | CP7: 0 | CQ7: 0 | CR7: 0 | CS7: 0 | CT7: 0 | CU7: 0 | CV7: 0 | CW7: 0 | CX7: 0 | CY7: 0 | CZ7: 0 | DA7: 0 | DB7: 0 | DC7: 0 | DD7: 0 | DE7: 0 | DF7: 0 | DG7: 0 | DH7: 0 | DI7: 0 | DJ7: 0
A8: 7 | B8: 사업1 | C8: 협력1 | D8: 외장1 | E8: 39783 | F8: 43570 | G8: 정규 | H8: 경영악화 | J8: 63.399061 | K8: 55.697973 | L8: 58.872614 | M8: 59.520504 | N8: 56.423678 | O8: 66.195139 | P8: 66.985426 | Q8: 64.519837 | R8: 65.217067 | S8: 63.926961 | T8: 62.381383 | U8: 58.294963 | V8: 56.760715 | W8: 58.934824 | X8: 58.861873 | Y8: 59.048199 | Z8: 61.818325 | AA8: 59.61936 | AB8: 58.638218 | AC8: 58.094142 | AD8: 57.784917 | AE8: 63.048281 | AF8: 61.036557 | AG8: 57.150608 | AH8: 63.182314 | AI8: 55.935453 | AJ8: 57.064559 | AK8: 72.825488 | AL8: 62.326854 | AM8: 71.33655 | AN8: 69.427257 | AO8: 59.47958 | AP8: 0 | AQ8: 0 | AR8: 0 | AS8: 0 | AT8: 0 | AU8: 0 | AV8: 0 | AW8: 0 | AX8: 0 | AY8: 0 | AZ8: 0 | BA8: 0 | BB8: 0 | BC8: 0 | BD8: 0 | BE8: 0 | BF8: 0 | BG8: 0 | BH8: 0 | BI8: 0 | BJ8: 0 | BK8: 0 | BL8: 0 | BM8: 0 | BN8: 0 | BO8: 0 | BP8: 0 | BQ8: 0 | BR8: 0 | BS8: 0 | BT8: 0 | BU8: 0 | BV8: 0 | BW8: 0 | BX8: 0 | BY8: 0 | BZ8: 0 | CA8: 0 | CB8: 0 | CC8: 0 | CD8: 0 | CE8: 0 | CF8: 0 | CG8: 0 | CH8: 0 | CI8: 0 | CJ8: 0 | CK8: 0 | CL8: 0 | CM8: 0 | CN8: 0 | CO8: 0 | CP8: 0 | CQ8: 0 | CR8: 0 | CS8: 0 | CT8: 0 | CU8: 0 | CV8: 0 | CW8: 0 | CX8: 0 | CY8: 0 | CZ8: 0 | DA8: 0 | DB8: 0 | DC8: 0 | DD8: 0 | DE8: 0 | DF8: 0 | DG8: 0 | DH8: 0 | DI8: 0 | DJ8: 0
A9: 8 | B9: 사업1 | C9: 협력1 | D9: 공사 | E9: 43161 | F9: 43793 | G9: 정규 | H9: 경영악화 | J9: 0 | K9: 0 | L9: 0 | M9: 0 | N9: 0 | O9: 0 | P9: 0 | Q9: 0 | R9: 0 | S9: 0 | T9: 0 | U9: 0 | V9: 0 | W9: 0 | X9: 0 | Y9: 0 | Z9: 0 | AA9: 0 | AB9: 0 | AC9: 0 | AD9: 0 | AE9: 0 | AF9: 0 | AG9: 0 | AH9: 0 | AI9: 56.864001 | AJ9: 59.66219 | AK9: 59.367663 | AL9: 51.873259 | AM9: 67.114392 | AN9: 67.334322 | AO9: 59.285638 | AP9: 48.161633 | AQ9: 75.668826 | AR9: 50.155747 | AS9: 53.347347 | AT9: 148.85126 | AU9: 0 | AV9: 0 | AW9: 0 | AX9: 109.23326 | AY9: 90.134033 | AZ9: 106.38389 | BA9: 62.815121 | BB9: 74.142827 | BC9: 69.564291 | BD9: 0 | BE9: 0 | BF9: 0 | BG9: 0 | BH9: 0 | BI9: 0 | BJ9: 0 | BK9: 0 | BL9: 0 | BM9: 0 | BN9: 0 | BO9: 0 | BP9: 0 | BQ9: 0 | BR9: 0 | BS9: 0 | BT9: 0 | BU9: 0 | BV9: 0 | BW9: 0 | BX9: 0 | BY9: 0 | BZ9: 0 | CA9: 0 | CB9: 0 | CC9: 0 | CD9: 0 | CE9: 0 | CF9: 0 | CG9: 0 | CH9: 0 | CI9: 0 | CJ9: 0 | CK9: 0 | CL9: 0 | CM9: 0 | CN9: 0 | CO9: 0 | CP9: 0 | CQ9: 0 | CR9: 0 | CS9: 0 | CT9: 0 | CU9: 0 | CV9: 0 | CW9: 0 | CX9: 0 | CY9: 0 | CZ9: 0 | DA9: 0 | DB9: 0 | DC9: 0 | DD9: 0 | DE9: 0 | DF9: 0 | DG9: 0 | DH9: 0 | DI9: 0 | DJ9: 0
A10: 9 | B10: 사업1 | C10: 협력2 | D10: 지원 | E10: 39203 | F10: 43799 | G10: 정규 | H10: 경영악화 | J10: 57.062718 | K10: 51.557198 | L10: 51.461867 | M10: 50.285436 | N10: 55.038509 | O10: 55.117666 | P10: 47.180784 | Q10: 73.938174 | R10: 51.982747 | S10: 46.6655 | T10: 43.338376 | U10: 55.430428 | V10: 60.80485 | W10: 61.231943 | X10: 62.393549 | Y10: 72.99302 | Z10: 103.98558 | AA10: 69.383285 | AB10: 68.173997 | AC10: 61.921079 | AD10: 66.349124 | AE10: 61.030508 | AF10: 65.384399 | AG10: 34.554436 | AH10: 75.143348 | AI10: 50.304172 | AJ10: 48.614743 | AK10: 62.03582 | AL10: 68.911517 | AM10: 67.250757 | AN10: 69.571504 | AO10: 54.28603 | AP10: 51.227554 | AQ10: 62.799699 | AR10: 56.829667 | AS10: 45.253018 | AT10: 53.492916 | AU10: 42.915768 | AV10: 70.814232 | AW10: 52.015299 | AX10: 51.746717 | AY10: 52.913056 | AZ10: 65.266998 | BA10: 58.202708 | BB10: 57.326136 | BC10: 45.785852 | BD10: 0 | BE10: 0 | BF10: 0 | BG10: 0 | BH10: 0 | BI10: 0 | BJ10: 0 | BK10: 0 | BL10: 0 | BM10: 0 | BN10: 0 | BO10: 0 | BP10: 0 | BQ10: 0 | BR10: 0 | BS10: 0 | BT10: 0 | BU10: 0 | BV10: 0 | BW10: 0 | BX10: 0 | BY10: 0 | BZ10: 0 | CA10: 0 | CB10: 0 | CC10: 0 | CD10: 0 | CE10: 0 | CF10: 0 | CG10: 0 | CH10: 0 | CI10: 0 | CJ10: 0 | CK10: 0 | CL10: 0 | CM10: 0 | CN10: 0 | CO10: 0 | CP10: 0 | CQ10: 0 | CR10: 0 | CS10: 0 | CT10: 0 | CU10: 0 | CV10: 0 | CW10: 0 | CX10: 0 | CY10: 0 | CZ10: 0 | DA10: 0 | DB10: 0 | DC10: 0 | DD10: 0 | DE10: 0 | DF10: 0 | DG10: 0 | DH10: 0 | DI10: 0 | DJ10: 0
A11: 10 | B11: 사업2 | C11: 협력1 | D11: 외장1 | E11: 41836 | F11: 43814 | G11: 정규 | H11: 경영악화 | J11: 58.183142 | K11: 54.22343 | L11: 58.966036 | M11: 58.293713 | N11: 62.51898 | O11: 66.043152 | P11: 64.712189 | Q11: 67.938918 | R11: 54.343583 | S11: 29.131282 | T11: 83.189972 | U11: 46.980579 | V11: 64.767069 | W11: 56.924103 | X11: 52.879941 | Y11: 71.217837 | Z11: 63.160982 | AA11: 57.621927 | AB11: 60.025409 | AC11: 55.463419 | AD11: 55.135106 | AE11: 55.210799 | AF11: 56.12555 | AG11: 56.005961 | AH11: 57.864775 | AI11: 59.011878 | AJ11: 59.090184 | AK11: 55.004136 | AL11: 66.473046 | AM11: 71.694098 | AN11: 82.406649 | AO11: 78.559377 | AP11: 80.869272 | AQ11: 72.127233 | AR11: 100.17901 | AS11: 52.732884 | AT11: 71.36408 | AU11: 61.337252 | AV11: 56.428122 | AW11: 64.565394 | AX11: 64.819585 | AY11: 59.828989 | AZ11: 62.423522 | BA11: 61.640217 | BB11: 59.36326 | BC11: 37.113247 | BD11: 31.913919 | BE11: 0 | BF11: 0 | BG11: 0 | BH11: 0 | BI11: 0 | BJ11: 0 | BK11: 0 | BL11: 0 | BM11: 0 | BN11: 0 | BO11: 0 | BP11: 0 | BQ11: 0 | BR11: 0 | BS11: 0 | BT11: 0 | BU11: 0 | BV11: 0 | BW11: 0 | BX11: 0 | BY11: 0 | BZ11: 0 | CA11: 0 | CB11: 0 | CC11: 0 | CD11: 0 | CE11: 0 | CF11: 0 | CG11: 0 | CH11: 0 | CI11: 0 | CJ11: 0 | CK11: 0 | CL11: 0 | CM11: 0 | CN11: 0 | CO11: 0 | CP11: 0 | CQ11: 0 | CR11: 0 | CS11: 0 | CT11: 0 | CU11: 0 | CV11: 0 | CW11: 0 | CX11: 0 | CY11: 0 | CZ11: 0 | DA11: 0 | DB11: 0 | DC11: 0 | DD11: 0 | DE11: 0 | DF11: 0 | DG11: 0 | DH11: 0 | DI11: 0 | DJ11: 0
A12: 11 | B12: 사업1 | C12: 협력2 | D12: 공사 | E12: 40238 | F12: 44165 | G12: 정규 | H12: 경영악화 | J12: 73.533125 | K12: 50.054801 | L12: 53.376336 | M12: 50.654465 | N12: 41.700152 | O12: 44.902004 | P12: 49.934782 | Q12: 55.031485 | R12: 45.959345 | S12: 58.949526 | T12: 63.130481 | U12: 73.545047 | V12: 73.126431 | W12: 63.27453 | X12: 66.136738 | Y12: 71.182872 | Z12: 74.908265 | AA12: 60.82974 | AB12: 43.895079 | AC12: 50.752569 | AD12: 48.660891 | AE12: 50.205719 | AF12: 48.863283 | AG12: 69.340216 | AH12: 79.46506 | AI12: 70.55597 | AJ12: 61.170507 | AK12: 74.197526 | AL12: 78.622849 | AM12: 59.69673 | AN12: 63.160678 | AO12: 49.919925 | AP12: 43.473403 | AQ12: 84.66715 | AR12: 61.261134 | AS12: 61.428361 | AT12: 60.59144 | AU12: 55.789012 | AV12: 68.143771 | AW12: 66.061871 | AX12: 71.053712 | AY12: 59.608149 | AZ12: 71.949627 | BA12: 68.98045 | BB12: 68.568882 | BC12: 64.791054 | BD12: 47.81378 | BE12: 46.482547 | BF12: 0 | BG12: 307.42756 | BH12: 253.37848 | BI12: 207.03172 | BJ12: 94.330958 | BK12: 39.005878 | BL12: 48.025972 | BM12: 58.293884 | BN12: 51.991092 | BO12: 149.01269 | BP12: 0 | BQ12: 0 | BR12: 0 | BS12: 0 | BT12: 0 | BU12: 0 | BV12: 0 | BW12: 0 | BX12: 0 | BY12: 0 | BZ12: 0 | CA12: 0 | CB12: 0 | CC12: 0 | CD12: 0 | CE12: 0 | CF12: 0 | CG12: 0 | CH12: 0 | CI12: 0 | CJ12: 0 | CK12: 0 | CL12: 0 | CM12: 0 | CN12: 0 | CO12: 0 | CP12: 0 | CQ12: 0 | CR12: 0 | CS12: 0 | CT12: 0 | CU12: 0 | CV12: 0 | CW12: 0 | CX12: 0 | CY12: 0 | CZ12: 0 | DA12: 0 | DB12: 0 | DC12: 0 | DD12: 0 | DE12: 0 | DF12: 0 | DG12: 0 | DH12: 0 | DI12: 0 | DJ12: 0
A13: 12 | B13: 사업1 | C13: 협력2 | D13: 공사 | E13: 42339 | F13: 44196 | G13: 정규 | H13: 경영악화 | J13: 74.439024 | K13: 49.856238 | L13: 53.736349 | M13: 53.211375 | N13: 53.515405 | O13: 52.977286 | P13: 75.9302 | Q13: 67.933707 | R13: 64.621863 | S13: 66.535722 | T13: 64.951787 | U13: 69.271746 | V13: 60.417482 | W13: 60.814752 | X13: 65.096911 | Y13: 66.715539 | Z13: 72.006671 | AA13: 63.671342 | AB13: 58.427906 | AC13: 70.540098 | AD13: 61.040965 | AE13: 61.708247 | AF13: 56.629611 | AG13: 60.866171 | AH13: 92.157192 | AI13: 75.160293 | AJ13: 64.928807 | AK13: 56.314637 | AL13: 70.856231 | AM13: 75.365794 | AN13: 71.563623 | AO13: 51.188592 | AP13: 56.146739 | AQ13: 89.074927 | AR13: 74.010663 | AS13: 77.82482 | AT13: 70.007062 | AU13: 56.033523 | AV13: 58.719119 | AW13: 74.077407 | AX13: 74.163498 | AY13: 63.039419 | AZ13: 76.27067 | BA13: 71.861253 | BB13: 66.327674 | BC13: 57.984806 | BD13: 46.773129 | BE13: 0 | BF13: 112.10958 | BG13: 109.65384 | BH13: 58.303861 | BI13: 43.635499 | BJ13: 49.203204 | BK13: 45.604044 | BL13: 51.784375 | BM13: 66.190223 | BN13: 55.854456 | BO13: 37.470457 | BP13: 35.165316 | BQ13: 0 | BR13: 0 | BS13: 0 | BT13: 0 | BU13: 0 | BV13: 0 | BW13: 0 | BX13: 0 | BY13: 0 | BZ13: 0 | CA13: 0 | CB13: 0 | CC13: 0 | CD13: 0 | CE13: 0 | CF13: 0 | CG13: 0 | CH13: 0 | CI13: 0 | CJ13: 0 | CK13: 0 | CL13: 0 | CM13: 0 | CN13: 0 | CO13: 0 | CP13: 0 | CQ13: 0 | CR13: 0 | CS13: 0 | CT13: 0 | CU13: 0 | CV13: 0 | CW13: 0 | CX13: 0 | CY13: 0 | CZ13: 0 | DA13: 0 | DB13: 0 | DC13: 0 | DD13: 0 | DE13: 0 | DF13: 0 | DG13: 0 | DH13: 0 | DI13: 0 | DJ13: 0
... A45: 44 | B45: 사업1 | C45: 협력2 | D45: 공장3 | E45: 43466 | F45: 45565 | G45: 정규 | H45: 경영악화 | J45: 0 | K45: 0 | L45: 0 | M45: 0 | N45: 0 | O45: 0 | P45: 0 | Q45: 0 | R45: 0 | S45: 0 | T45: 0 | U45: 0 | V45: 0 | W45: 0 | X45: 0 | Y45: 0 | Z45: 0 | AA45: 0 | AB45: 0 | AC45: 0 | AD45: 0 | AE45: 0 | AF45: 0 | AG45: 0 | AH45: 0 | AI45: 0 | AJ45: 0 | AK45: 0 | AL45: 0 | AM45: 0 | AN45: 0 | AO45: 0 | AP45: 0 | AQ45: 0 | AR45: 0 | AS45: 53.092396 | AT45: 58.878947 | AU45: 58.85379 | AV45: 61.60854 | AW45: 58.169051 | AX45: 72.278808 | AY45: 62.835465 | AZ45: 65.600368 | BA45: 59.548206 | BB45: 69.068759 | BC45: 70.144398 | BD45: 60.702756 | BE45: 74.413124 | BF45: 60.768971 | BG45: 54.224963 | BH45: 64.028707 | BI45: 72.985479 | BJ45: 60.244596 | BK45: 59.100218 | BL45: 58.590127 | BM45: 59.485577 | BN45: 59.118944 | BO45: 68.180647 | BP45: 59.12301 | BQ45: 73.827891 | BR45: 67.732232 | BS45: 53.229747 | BT45: 53.991258 | BU45: 57.87501 | BV45: 57.990001 | BW45: 61.285579 | BX45: 70.683628 | BY45: 59.355148 | BZ45: 77.048911 | CA45: 64.042848 | CB45: 66.825501 | CC45: 71.19787 | CD45: 67.321243 | CE45: 66.201949 | CF45: 67.474128 | CG45: 64.498662 | CH45: 66.792295 | CI45: 66.046485 | CJ45: 64.772295 | CK45: 66.806288 | CL45: 54.370263 | CM45: 65.856978 | CN45: 78.779885 | CO45: 73.404986 | CP45: 58.067709 | CQ45: 82.906336 | CR45: 20.686568 | CS45: 25.379495 | CT45: 83.469193 | CU45: 82.71384 | CV45: 83.996461 | CW45: 44.208659 | CX45: 63.536935 | CY45: 59.401986 | CZ45: 95.51998 | DA45: 68.945502 | DB45: 69.441111 | DC45: 62.914209 | DD45: 75.476803 | DE45: 55.240064 | DF45: 59.476704 | DG45: 57.05027 | DH45: 70.946794 | DI45: 50.291132 | DJ45: 0
A46: 45 | B46: 사업1 | C46: 협력2 | D46: 지원 | E46: 34790 | F46: - | G46: 정규 | H46: 거래중 | J46: 55.250626 | K46: 53.683107 | L46: 52.344185 | M46: 47.420495 | N46: 55.065784 | O46: 52.944528 | P46: 64.7979 | Q46: 66.014681 | R46: 80.489635 | S46: 81.904803 | T46: 78.850899 | U46: 56.462377 | V46: 81.327553 | W46: 80.839414 | X46: 66.591845 | Y46: 61.842596 | Z46: 71.237353 | AA46: 60.007938 | AB46: 105.02353 | AC46: 62.351546 | AD46: 60.190953 | AE46: 65.17747 | AF46: 69.356836 | AG46: 56.836606 | AH46: 50.439754 | AI46: 54.483697 | AJ46: 58.031468 | AK46: 72.626938 | AL46: 71.438498 | AM46: 55.311133 | AN46: 52.731462 | AO46: 59.350347 | AP46: 66.027384 | AQ46: 85.400412 | AR46: 68.683218 | AS46: 66.312733 | AT46: 81.701561 | AU46: 55.166167 | AV46: 55.784237 | AW46: 61.948879 | AX46: 74.57007 | AY46: 64.493496 | AZ46: 80.207728 | BA46: 67.935289 | BB46: 51.368609 | BC46: 63.707537 | BD46: 55.820403 | BE46: 57.959258 | BF46: 54.974261 | BG46: 54.612795 | BH46: 55.435765 | BI46: 51.189372 | BJ46: 74.362606 | BK46: 61.450596 | BL46: 61.448145 | BM46: 59.711611 | BN46: 59.465618 | BO46: 59.011155 | BP46: 62.206364 | BQ46: 64.608995 | BR46: 64.235147 | BS46: 62.949024 | BT46: 59.692219 | BU46: 64.032028 | BV46: 56.328594 | BW46: 58.371504 | BX46: 60.32231 | BY46: 62.951011 | BZ46: 62.098633 | CA46: 59.881136 | CB46: 56.163678 | CC46: 53.818585 | CD46: 57.246324 | CE46: 61.631563 | CF46: 58.329214 | CG46: 65.420535 | CH46: 64.555386 | CI46: 62.626227 | CJ46: 63.307137 | CK46: 73.688551 | CL46: 64.421436 | CM46: 63.952007 | CN46: 66.091834 | CO46: 59.54959 | CP46: 62.081813 | CQ46: 49.676002 | CR46: 72.515551 | CS46: 71.557841 | CT46: 71.229621 | CU46: 75.160817 | CV46: 73.936385 | CW46: 68.661171 | CX46: 38.17731 | CY46: 77.819647 | CZ46: 52.919421 | DA46: 57.127498 | DB46: 57.148208 | DC46: 56.378993 | DD46: 61.206192 | DE46: 66.498826 | DF46: 67.857861 | DG46: 70.902893 | DH46: 81.685938 | DI46: 73.184439 | DJ46: 70.638997
A47: 46 | B47: 사업1 | C47: 협력2 | D47: 공장3 | E47: 36990 | F47: - | G47: 정규 | H47: 거래중 | J47: 64.074333 | K47: 38.235868 | L47: 48.8397 | M47: 49.971151 | N47: 47.350255 | O47: 47.737951 | P47: 57.935064 | Q47: 60.915642 | R47: 55.802019 | S47: 52.509329 | T47: 49.914493 | U47: 62.327328 | V47: 61.37929 | W47: 51.661428 | X47: 61.154297 | Y47: 64.252541 | Z47: 63.189602 | AA47: 64.527918 | AB47: 95.287097 | AC47: 44.538731 | AD47: 38.296915 | AE47: 54.530683 | AF47: 60.281329 | AG47: 51.684914 | AH47: 57.763563 | AI47: 57.138197 | AJ47: 51.106508 | AK47: 51.90092 | AL47: 54.176772 | AM47: 56.756188 | AN47: 29.888427 | AO47: 81.980086 | AP47: 49.562132 | AQ47: 56.146032 | AR47: 41.387484 | AS47: 50.786536 | AT47: 47.10438 | AU47: 58.705979 | AV47: 45.200498 | AW47: 53.127773 | AX47: 60.106214 | AY47: 57.608578 | AZ47: 66.890888 | BA47: 57.82857 | BB47: 58.081943 | BC47: 55.783834 | BD47: 52.75636 | BE47: 56.509873 | BF47: 55.266562 | BG47: 55.398931 | BH47: 58.38425 | BI47: 62.034108 | BJ47: 60.979489 | BK47: 60.102171 | BL47: 64.214917 | BM47: 56.070237 | BN47: 63.684045 | BO47: 65.140098 | BP47: 62.554046 | BQ47: 55.697183 | BR47: 65.553412 | BS47: 55.451198 | BT47: 67.283556 | BU47: 65.444453 | BV47: 63.891197 | BW47: 67.600921 | BX47: 64.365315 | BY47: 64.343423 | BZ47: 62.346155 | CA47: 62.719688 | CB47: 63.275207 | CC47: 67.461466 | CD47: 73.278452 | CE47: 60.470276 | CF47: 66.960283 | CG47: 64.050907 | CH47: 67.753913 | CI47: 70.771118 | CJ47: 70.793516 | CK47: 65.267343 | CL47: 70.900513 | CM47: 74.444968 | CN47: 70.957393 | CO47: 68.43224 | CP47: 65.331024 | CQ47: 69.02616 | CR47: 25.958278 | CS47: 47.170112 | CT47: 88.478604 | CU47: 86.984187 | CV47: 97.679919 | CW47: 74.68778 | CX47: 72.241802 | CY47: 81.005457 | CZ47: 88.256921 | DA47: 76.401763 | DB47: 72.351337 | DC47: 72.441407 | DD47: 67.860475 | DE47: 74.656354 | DF47: 68.316795 | DG47: 73.064788 | DH47: 75.966151 | DI47: 67.860075 | DJ47: 67.23816
A48: 47 | B48: 사업2 | C48: 협력3 | D48: 외장2 | E48: 37168 | F48: - | G48: 정규 | H48: 거래중 | J48: 60.587638 | K48: 66.452078 | L48: 62.762313 | M48: 66.45592 | N48: 59.097402 | O48: 68.848679 | P48: 77.976864 | Q48: 69.432918 | R48: 63.324013 | S48: 60.704254 | T48: 61.238423 | U48: 70.896278 | V48: 59.883445 | W48: 73.516048 | X48: 65.552745 | Y48: 67.915398 | Z48: 68.692913 | AA48: 66.241009 | AB48: 63.957657 | AC48: 61.548095 | AD48: 59.506729 | AE48: 60.517208 | AF48: 65.695539 | AG48: 56.86243 | AH48: 57.893004 | AI48: 56.344683 | AJ48: 56.480072 | AK48: 64.633573 | AL48: 61.914307 | AM48: 63.209551 | AN48: 62.320221 | AO48: 56.906752 | AP48: 63.404803 | AQ48: 68.18034 | AR48: 68.203826 | AS48: 63.923227 | AT48: 67.264947 | AU48: 76.029557 | AV48: 66.618968 | AW48: 69.405633 | AX48: 66.341271 | AY48: 63.908973 | AZ48: 64.906074 | BA48: 67.661911 | BB48: 65.649593 | BC48: 67.059202 | BD48: 68.09227 | BE48: 66.898027 | BF48: 65.95062 | BG48: 65.193224 | BH48: 67.469926 | BI48: 70.327211 | BJ48: 63.874184 | BK48: 55.107832 | BL48: 58.239735 | BM48: 55.495725 | BN48: 47.779353 | BO48: 54.737722 | BP48: 56.03054 | BQ48: 51.744191 | BR48: 55.10548 | BS48: 60.555057 | BT48: 64.266432 | BU48: 64.71713 | BV48: 63.967185 | BW48: 65.84764 | BX48: 65.604934 | BY48: 67.616893 | BZ48: 64.149833 | CA48: 64.08406 | CB48: 62.372333 | CC48: 61.635828 | CD48: 67.529373 | CE48: 68.529501 | CF48: 69.609306 | CG48: 68.432853 | CH48: 65.704387 | CI48: 70.464511 | CJ48: 68.208611 | CK48: 65.339949 | CL48: 64.771568 | CM48: 67.752328 | CN48: 62.237715 | CO48: 66.226029 | CP48: 65.426339 | CQ48: 67.804374 | CR48: 67.205473 | CS48: 68.239494 | CT48: 67.849461 | CU48: 76.005821 | CV48: 73.419467 | CW48: 75.098316 | CX48: 64.834688 | CY48: 66.94101 | CZ48: 81.571331 | DA48: 67.451824 | DB48: 81.030208 | DC48: 69.519999 | DD48: 68.274041 | DE48: 71.016715 | DF48: 68.602434 | DG48: 73.346374 | DH48: 76.101644 | DI48: 74.58653 | DJ48: 71.357035
A49: 48 | B49: 사업1 | C49: 협력3 | D49: 외장3 | E49: 37469 | F49: - | G49: 정규 | H49: 거래중 | J49: 47.642586 | K49: 43.779531 | L49: 53.848713 | M49: 73.294139 | N49: 58.954018 | O49: 58.286054 | P49: 72.327275 | Q49: 60.902198 | R49: 56.482493 | S49: 66.416834 | T49: 64.228279 | U49: 67.52649 | V49: 71.285911 | W49: 71.839884 | X49: 71.203562 | Y49: 66.308925 | Z49: 56.443049 | AA49: 53.07038 | AB49: 60.017991 | AC49: 64.189445 | AD49: 51.998612 | AE49: 45.401584 | AF49: 47.602014 | AG49: 48.715 | AH49: 62.127103 | AI49: 70.020324 | AJ49: 70.534177 | AK49: 71.74749 | AL49: 61.627614 | AM49: 76.775926 | AN49: 87.486529 | AO49: 73.041558 | AP49: 83.771355 | AQ49: 70.177839 | AR49: 57.932177 | AS49: 61.421797 | AT49: 67.917628 | AU49: 67.806078 | AV49: 67.484748 | AW49: 76.203053 | AX49: 87.15022 | AY49: 75.859624 | AZ49: 72.565054 | BA49: 63.290694 | BB49: 58.273419 | BC49: 55.53396 | BD49: 51.891108 | BE49: 48.695964 | BF49: 47.375525 | BG49: 42.412054 | BH49: 51.29403 | BI49: 66.652055 | BJ49: 65.972493 | BK49: 72.984389 | BL49: 63.963537 | BM49: 58.115848 | BN49: 56.801828 | BO49: 58.157163 | BP49: 65.435281 | BQ49: 66.182025 | BR49: 65.172885 | BS49: 69.166842 | BT49: 75.789167 | BU49: 77.991644 | BV49: 74.146403 | BW49: 91.928162 | BX49: 101.51375 | BY49: 90.876 | BZ49: 83.495875 | CA49: 75.294146 | CB49: 77.618519 | CC49: 89.744202 | CD49: 93.608023 | CE49: 61.349615 | CF49: 78.506497 | CG49: 88.837432 | CH49: 77.029727 | CI49: 72.459957 | CJ49: 77.066692 | CK49: 66.554395 | CL49: 64.742563 | CM49: 75.581486 | CN49: 69.066098 | CO49: 76.165309 | CP49: 77.832691 | CQ49: 73.127007 | CR49: 73.658723 | CS49: 70.863234 | CT49: 87.449428 | CU49: 86.310898 | CV49: 82.066855 | CW49: 67.827866 | CX49: 69.394421 | CY49: 69.885539 | CZ49: 77.301628 | DA49: 64.169679 | DB49: 80.309496 | DC49: 60.059186 | DD49: 58.779693 | DE49: 77.428275 | DF49: 87.538799 | DG49: 81.391322 | DH49: 83.322132 | DI49: 92.946187 | DJ49: 80.630239
A50: 49 | B50: 사업1 | C50: 협력2 | D50: 공장3 | E50: 37623 | F50: - | G50: 정규 | H50: 거래중 | J50: 74.779486 | K50: 48.715866 | L50: 45.900766 | M50: 58.954707 | N50: 63.409382 | O50: 59.573117 | P50: 76.322464 | Q50: 65.936333 | R50: 63.80721 | S50: 69.770731 | T50: 65.111345 | U50: 64.298295 | V50: 62.985323 | W50: 64.725574 | X50: 66.655424 | Y50: 63.776124 | Z50: 64.298579 | AA50: 62.689746 | AB50: 59.145939 | AC50: 59.73942 | AD50: 48.035915 | AE50: 59.326073 | AF50: 61.27702 | AG50: 54.790606 | AH50: 68.760334 | AI50: 78.074719 | AJ50: 67.979297 | AK50: 60.23029 | AL50: 79.639344 | AM50: 78.060432 | AN50: 74.06646 | AO50: 50.69093 | AP50: 46.536124 | AQ50: 78.71923 | AR50: 66.59265 | AS50: 71.339887 | AT50: 70.819879 | AU50: 67.913004 | AV50: 57.062214 | AW50: 66.522033 | AX50: 69.615264 | AY50: 63.726098 | AZ50: 75.029711 | BA50: 66.573945 | BB50: 62.746768 | BC50: 61.179968 | BD50: 52.081626 | BE50: 62.222338 | BF50: 57.844137 | BG50: 57.2728 | BH50: 64.781091 | BI50: 64.922199 | BJ50: 65.785508 | BK50: 72.204741 | BL50: 79.223599 | BM50: 53.733361 | BN50: 56.752177 | BO50: 62.40787 | BP50: 61.226256 | BQ50: 56.890149 | BR50: 50.2936 | BS50: 53.654564 | BT50: 42.021186 | BU50: 67.487562 | BV50: 66.723102 | BW50: 63.173168 | BX50: 71.978044 | BY50: 72.834025 | BZ50: 73.645384 | CA50: 74.720386 | CB50: 68.486872 | CC50: 67.58351 | CD50: 69.035912 | CE50: 64.218301 | CF50: 64.392012 | CG50: 63.37062 | CH50: 67.277688 | CI50: 66.166684 | CJ50: 64.13336 | CK50: 67.069478 | CL50: 51.729422 | CM50: 78.888502 | CN50: 74.42476 | CO50: 70.372776 | CP50: 64.320358 | CQ50: 71.320295 | CR50: 38.400527 | CS50: 37.532591 | CT50: 97.251774 | CU50: 81.439901 | CV50: 69.170302 | CW50: 71.903268 | CX50: 53.225611 | CY50: 79.120768 | CZ50: 59.775155 | DA50: 73.293118 | DB50: 72.90451 | DC50: 75.698498 | DD50: 70.430909 | DE50: 67.69732 | DF50: 58.284257 | DG50: 78.834077 | DH50: 62.123742 | DI50: 63.377954 | DJ50: 65.699772
A51: 50 | B51: 사업1 | C51: 협력1 | D51: 라인2 | E51: 37712 | F51: - | G51: 정규 | H51: 거래중 | J51: 57.247008 | K51: 55.549089 | L51: 55.556727 | M51: 60.247126 | N51: 60.148317 | O51: 65.287395 | P51: 66.749609 | Q51: 60.440201 | R51: 61.840277 | S51: 62.739547 | T51: 61.269901 | U51: 62.60132 | V51: 62.271234 | W51: 62.190051 | X51: 63.218717 | Y51: 61.396492 | Z51: 62.543255 | AA51: 57.786987 | AB51: 56.674626 | AC51: 59.276521 | AD51: 65.524645 | AE51: 60.775839 | AF51: 39.488833 | AG51: 106.07386 | AH51: 65.283001 | AI51: 59.330498 | AJ51: 58.724531 | AK51: 62.984754 | AL51: 64.224631 | AM51: 67.516001 | AN51: 68.336007 | AO51: 61.856441 | AP51: 61.492213 | AQ51: 62.428378 | AR51: 42.943726 | AS51: 73.028816 | AT51: 61.464709 | AU51: 72.985803 | AV51: 62.899569 | AW51: 62.571683 | AX51: 64.316543 | AY51: 62.638154 | AZ51: 67.135533 | BA51: 64.331932 | BB51: 61.744276 | BC51: 59.246455 | BD51: 61.871262 | BE51: 59.875726 | BF51: 52.273276 | BG51: 57.088729 | BH51: 64.086376 | BI51: 59.685255 | BJ51: 60.413189 | BK51: 66.728176 | BL51: 60.623763 | BM51: 63.795683 | BN51: 60.93428 | BO51: 59.790323 | BP51: 65.211069 | BQ51: 62.976458 | BR51: 63.678539 | BS51: 62.956136 | BT51: 64.955874 | BU51: 64.833816 | BV51: 65.233195 | BW51: 69.246572 | BX51: 68.770981 | BY51: 70.840529 | BZ51: 65.920377 | CA51: 66.487897 | CB51: 64.829235 | CC51: 63.635301 | CD51: 66.21451 | CE51: 66.109693 | CF51: 70.957574 | CG51: 71.678716 | CH51: 72.439289 | CI51: 75.542426 | CJ51: 71.873142 | CK51: 73.931692 | CL51: 68.972907 | CM51: 64.990875 | CN51: 74.546046 | CO51: 73.02377 | CP51: 71.625111 | CQ51: 71.564114 | CR51: 69.658256 | CS51: 68.212212 | CT51: 69.631604 | CU51: 72.263407 | CV51: 69.029657 | CW51: 66.82763 | CX51: 60.278189 | CY51: 68.74369 | CZ51: 65.727207 | DA51: 65.302576 | DB51: 61.897994 | DC51: 63.029502 | DD51: 66.072182 | DE51: 64.829842 | DF51: 67.506389 | DG51: 63.299291 | DH51: 72.053533 | DI51: 71.855039 | DJ51: 67.064466
A52: 51 | B52: 사업1 | C52: 협력2 | D52: 공장3 | E52: 38033 | F52: - | G52: 정규 | H52: 거래중 | J52: 65.761487 | K52: 44.455131 | L52: 50.406242 | M52: 53.225183 | N52: 51.483483 | O52: 50.339848 | P52: 63.160608 | Q52: 62.05439 | R52: 60.836329 | S52: 58.838299 | T52: 57.579789 | U52: 63.362857 | V52: 63.245358 | W52: 55.314467 | X52: 64.671508 | Y52: 64.089339 | Z52: 65.533772 | AA52: 72.408125 | AB52: 87.9103 | AC52: 50.687676 | AD52: 55.323801 | AE52: 52.413651 | AF52: 61.208624 | AG52: 52.636552 | AH52: 71.510122 | AI52: 60.797033 | AJ52: 62.266733 | AK52: 64.515088 | AL52: 69.047924 | AM52: 74.016478 | AN52: 66.15325 | AO52: 61.037159 | AP52: 61.081264 | AQ52: 55.398575 | AR52: 70.87959 | AS52: 62.6584 | AT52: 63.992108 | AU52: 57.675727 | AV52: 61.533355 | AW52: 61.505001 | AX52: 65.851733 | AY52: 53.394061 | AZ52: 67.489875 | BA52: 65.165593 | BB52: 60.670537 | BC52: 63.73953 | BD52: 60.46345 | BE52: 67.287638 | BF52: 66.347013 | BG52: 60.215443 | BH52: 60.368754 | BI52: 69.524528 | BJ52: 63.678227 | BK52: 66.838151 | BL52: 70.879569 | BM52: 65.848025 | BN52: 64.893936 | BO52: 62.582417 | BP52: 67.369682 | BQ52: 80.53998 | BR52: 73.359794 | BS52: 55.034458 | BT52: 57.596407 | BU52: 65.777487 | BV52: 60.518524 | BW52: 67.760696 | BX52: 70.458646 | BY52: 65.767775 | BZ52: 75.90355 | CA52: 67.719582 | CB52: 68.743384 | CC52: 69.067629 | CD52: 67.894661 | CE52: 63.931892 | CF52: 67.002947 | CG52: 63.312883 | CH52: 65.414364 | CI52: 65.350073 | CJ52: 61.899537 | CK52: 68.263985 | CL52: 59.312348 | CM52: 71.16226 | CN52: 69.284211 | CO52: 65.755329 | CP52: 58.732021 | CQ52: 83.889028 | CR52: 42.265488 | CS52: 36.421135 | CT52: 90.336906 | CU52: 109.4878 | CV52: 75.88754 | CW52: 81.167393 | CX52: 86.658629 | CY52: 84.173279 | CZ52: 69.912299 | DA52: 73.323462 | DB52: 64.800102 | DC52: 69.572005 | DD52: 67.093354 | DE52: 65.605383 | DF52: 63.3179 | DG52: 70.130193 | DH52: 76.920492 | DI52: 55.772425 | DJ52: 72.085831
A53: 52 | B53: 사업1 | C53: 협력1 | D53: 내장1 | E53: 39022 | F53: - | G53: 정규 | H53: 거래중 | J53: 54.592108 | K53: 37.809198 | L53: 54.09108 | M53: 52.129174 | N53: 54.082409 | O53: 58.116974 | P53: 68.673524 | Q53: 59.405756 | R53: 56.875992 | S53: 53.08191 | T53: 53.846361 | U53: 54.145139 | V53: 60.143465 | W53: 53.475344 | X53: 59.800884 | Y53: 67.14821 | Z53: 61.92684 | AA53: 64.453794 | AB53: 53.847446 | AC53: 54.907616 | AD53: 48.210286 | AE53: 54.817909 | AF53: 59.721371 | AG53: 55.179889 | AH53: 54.522884 | AI53: 56.024715 | AJ53: 54.515726 | AK53: 58.225194 | AL53: 60.815468 | AM53: 84.801642 | AN53: 56.859835 | AO53: 62.949697 | AP53: 57.644345 | AQ53: 59.964978 | AR53: 54.698145 | AS53: 61.655904 | AT53: 56.619424 | AU53: 55.143051 | AV53: 56.957436 | AW53: 57.885281 | AX53: 61.905044 | AY53: 62.380422 | AZ53: 65.652904 | BA53: 57.628468 | BB53: 57.504101 | BC53: 57.978025 | BD53: 57.04474 | BE53: 56.595115 | BF53: 58.458209 | BG53: 58.553085 | BH53: 59.612161 | BI53: 59.215477 | BJ53: 59.382292 | BK53: 57.459395 | BL53: 61.870388 | BM53: 56.325846 | BN53: 56.696604 | BO53: 53.023268 | BP53: 59.392247 | BQ53: 56.673557 | BR53: 54.702845 | BS53: 56.467378 | BT53: 56.181587 | BU53: 57.556824 | BV53: 55.561948 | BW53: 63.263407 | BX53: 61.839657 | BY53: 58.942869 | BZ53: 57.203808 | CA53: 59.189849 | CB53: 58.934031 | CC53: 59.749589 | CD53: 61.652951 | CE53: 61.370692 | CF53: 63.218476 | CG53: 60.345788 | CH53: 60.096932 | CI53: 61.460264 | CJ53: 56.495538 | CK53: 58.791999 | CL53: 61.031109 | CM53: 60.375535 | CN53: 61.597079 | CO53: 60.659703 | CP53: 58.435012 | CQ53: 55.608376 | CR53: 62.01506 | CS53: 61.881724 | CT53: 61.651448 | CU53: 68.593553 | CV53: 68.271292 | CW53: 69.17887 | CX53: 65.372411 | CY53: 67.563739 | CZ53: 66.282478 | DA53: 64.761273 | DB53: 61.246431 | DC53: 62.429966 | DD53: 58.672056 | DE53: 62.715785 | DF53: 62.772896 | DG53: 62.953938 | DH53: 61.183512 | DI53: 58.931083 | DJ53: 61.245343
A54: 53 | B54: 사업1 | C54: 협력1 | D54: 외장1 | E54: 39188 | F54: - | G54: 정규 | H54: 거래중 | J54: 67.944352 | K54: 52.608254 | L54: 73.436453 | M54: 64.706903 | N54: 59.012292 | O54: 60.758141 | P54: 55.224415 | Q54: 81.272142 | R54: 63.875499 | S54: 64.286783 | T54: 63.638887 | U54: 64.111362 | V54: 61.403424 | W54: 58.83795 | X54: 58.961545 | Y54: 56.559494 | Z54: 72.408848 | AA54: 63.110741 | AB54: 65.818404 | AC54: 64.295049 | AD54: 58.991957 | AE54: 56.117989 | AF54: 53.74434 | AG54: 45.562114 | AH54: 59.104918 | AI54: 54.269219 | AJ54: 60.110165 | AK54: 62.169905 | AL54: 61.317853 | AM54: 71.974167 | AN54: 67.317376 | AO54: 65.686532 | AP54: 60.483088 | AQ54: 63.493801 | AR54: 58.197744 | AS54: 57.642417 | AT54: 63.165553 | AU54: 55.97961 | AV54: 58.21331 | AW54: 56.47416 | AX54: 56.775555 | AY54: 55.404014 | AZ54: 60.081466 | BA54: 58.782504 | BB54: 51.760764 | BC54: 56.729123 | BD54: 52.048395 | BE54: 57.520374 | BF54: 53.222099 | BG54: 54.968575 | BH54: 58.675347 | BI54: 60.383546 | BJ54: 57.462605 | BK54: 59.567064 | BL54: 57.538906 | BM54: 48.26522 | BN54: 54.845691 | BO54: 53.545959 | BP54: 54.327684 | BQ54: 55.435191 | BR54: 56.097941 | BS54: 54.163197 | BT54: 51.605056 | BU54: 55.139664 | BV54: 59.84572 | BW54: 60.592427 | BX54: 64.207877 | BY54: 61.531125 | BZ54: 56.199805 | CA54: 74.652922 | CB54: 61.575406 | CC54: 59.551978 | CD54: 60.867481 | CE54: 61.08621 | CF54: 61.311503 | CG54: 62.594924 | CH54: 63.432288 | CI54: 67.310037 | CJ54: 68.057206 | CK54: 65.034569 | CL54: 62.470228 | CM54: 64.015219 | CN54: 64.25297 | CO54: 60.690737 | CP54: 61.099279 | CQ54: 63.446163 | CR54: 63.129541 | CS54: 61.408601 | CT54: 62.429888 | CU54: 69.141189 | CV54: 68.205135 | CW54: 66.214362 | CX54: 63.523671 | CY54: 72.106002 | CZ54: 68.191877 | DA54: 65.222703 | DB54: 71.617463 | DC54: 67.221609 | DD54: 66.938179 | DE54: 65.923904 | DF54: 70.955549 | DG54: 65.12067 | DH54: 72.795229 | DI54: 68.949076 | DJ54: 65.10092
A55: 54 | B55: 사업1 | C55: 협력1 | D55: 라인2 | E55: 39479 | F55: - | G55: 정규 | H55: 거래중 | J55: 65.535914 | K55: 67.286913 | L55: 64.141545 | M55: 61.117774 | N55: 58.831768 | O55: 64.314345 | P55: 61.007668 | Q55: 55.354647 | R55: 66.405175 | S55: 73.5096 | T55: 64.579918 | U55: 64.028274 | V55: 61.260458 | W55: 62.168112 | X55: 65.291622 | Y55: 65.441707 | Z55: 68.673141 | AA55: 63.339904 | AB55: 63.310622 | AC55: 61.040587 | AD55: 61.736463 | AE55: 59.869442 | AF55: 60.029575 | AG55: 60.67653 | AH55: 63.957461 | AI55: 61.818268 | AJ55: 61.971279 | AK55: 70.697777 | AL55: 65.344289 | AM55: 68.079908 | AN55: 66.011977 | AO55: 63.081417 | AP55: 62.70773 | AQ55: 80.179677 | AR55: 60.851328 | AS55: 64.52185 | AT55: 63.261165 | AU55: 63.381953 | AV55: 59.476016 | AW55: 61.264234 | AX55: 53.380568 | AY55: 54.614237 | AZ55: 60.751907 | BA55: 54.972208 | BB55: 51.902851 | BC55: 56.930369 | BD55: 56.498863 | BE55: 55.729786 | BF55: 61.167503 | BG55: 58.001223 | BH55: 58.458159 | BI55: 60.944754 | BJ55: 65.906792 | BK55: 65.793425 | BL55: 57.367119 | BM55: 59.528351 | BN55: 59.833973 | BO55: 57.828502 | BP55: 63.283285 | BQ55: 63.26066 | BR55: 62.866114 | BS55: 63.565939 | BT55: 60.77858 | BU55: 67.952079 | BV55: 68.48425 | BW55: 73.493559 | BX55: 64.460458 | BY55: 67.598302 | BZ55: 61.750839 | CA55: 66.290672 | CB55: 66.376108 | CC55: 71.351963 | CD55: 70.363692 | CE55: 73.558668 | CF55: 75.826874 | CG55: 70.451854 | CH55: 76.088863 | CI55: 74.039432 | CJ55: 78.255226 | CK55: 68.456547 | CL55: 65.250383 | CM55: 66.316451 | CN55: 64.648662 | CO55: 69.536945 | CP55: 67.393753 | CQ55: 68.202123 | CR55: 68.710025 | CS55: 69.202454 | CT55: 60.513924 | CU55: 67.65915 | CV55: 73.028518 | CW55: 67.110479 | CX55: 65.634048 | CY55: 67.536851 | CZ55: 73.226834 | DA55: 67.249949 | DB55: 71.479096 | DC55: 69.730732 | DD55: 68.913918 | DE55: 69.588375 | DF55: 68.74234 | DG55: 70.907079 | DH55: 75.09847 | DI55: 70.273146 | DJ55: 67.13925
A56: 55 | B56: 사업1 | C56: 협력3 | D56: 외장3 | E56: 39615 | F56: - | G56: 정규 | H56: 거래중 | J56: 48.474068 | K56: 58.08647 | L56: 56.367205 | M56: 56.758603 | N56: 47.592484 | O56: 63.467322 | P56: 60.843567 | Q56: 54.652235 | R56: 57.913439 | S56: 66.940427 | T56: 46.907133 | U56: 74.688657 | V56: 65.25021 | W56: 71.833737 | X56: 66.959824 | Y56: 65.576594 | Z56: 50.849019 | AA56: 49.517295 | AB56: 57.554883 | AC56: 62.975945 | AD56: 62.853805 | AE56: 56.062246 | AF56: 56.562161 | AG56: 53.909403 | AH56: 70.827215 | AI56: 48.925132 | AJ56: 59.393501 | AK56: 54.01823 | AL56: 58.843672 | AM56: 68.628308 | AN56: 65.623985 | AO56: 52.876299 | AP56: 65.068593 | AQ56: 57.702098 | AR56: 48.721015 | AS56: 59.913433 | AT56: 61.285242 | AU56: 60.144645 | AV56: 60.188487 | AW56: 64.085842 | AX56: 73.513023 | AY56: 65.3249 | AZ56: 70.222444 | BA56: 67.56706 | BB56: 53.366964 | BC56: 46.194643 | BD56: 59.751704 | BE56: 52.669188 | BF56: 53.687595 | BG56: 57.236425 | BH56: 54.796758 | BI56: 70.274251 | BJ56: 59.461729 | BK56: 61.95324 | BL56: 66.214907 | BM56: 57.109234 | BN56: 58.14429 | BO56: 53.385422 | BP56: 63.778136 | BQ56: 61.50915 | BR56: 69.921702 | BS56: 60.680363 | BT56: 66.93955 | BU56: 74.004068 | BV56: 71.818099 | BW56: 75.768202 | BX56: 88.190138 | BY56: 83.763564 | BZ56: 79.239582 | CA56: 72.165646 | CB56: 69.58778 | CC56: 79.768204 | CD56: 74.846283 | CE56: 62.534421 | CF56: 73.021091 | CG56: 72.949192 | CH56: 73.958086 | CI56: 71.677012 | CJ56: 66.46635 | CK56: 59.588973 | CL56: 61.587189 | CM56: 72.829855 | CN56: 67.600445 | CO56: 59.670217 | CP56: 64.706006 | CQ56: 59.30886 | CR56: 70.654861 | CS56: 61.269745 | CT56: 72.038235 | CU56: 83.928684 | CV56: 81.980203 | CW56: 63.146584 | CX56: 66.341793 | CY56: 72.73022 | CZ56: 73.410789 | DA56: 66.299148 | DB56: 70.894803 | DC56: 59.098193 | DD56: 66.341494 | DE56: 67.750641 | DF56: 75.387474 | DG56: 71.743904 | DH56: 76.957817 | DI56: 73.807441 | DJ56: 64.740853
A57: 56 | B57: 사업1 | C57: 협력2 | D57: 공장2 | E57: 40330 | F57: - | G57: 정규 | H57: 거래중 | J57: 69.439138 | K57: 58.424883 | L57: 55.713454 | M57: 53.06794 | N57: 51.398014 | O57: 49.645296 | P57: 50.066234 | Q57: 56.633901 | R57: 65.291981 | S57: 51.77941 | T57: 52.69235 | U57: 62.296597 | V57: 64.245592 | W57: 72.433682 | X57: 71.142789 | Y57: 87.267506 | Z57: 75.909251 | AA57: 63.014673 | AB57: 50.80151 | AC57: 41.223557 | AD57: 49.064927 | AE57: 57.768647 | AF57: 81.832569 | AG57: 62.616646 | AH57: 81.594588 | AI57: 69.382692 | AJ57: 68.798165 | AK57: 77.409936 | AL57: 75.151271 | AM57: 70.474306 | AN57: 80.281183 | AO57: 79.269049 | AP57: 67.904636 | AQ57: 76.11561 | AR57: 87.461837 | AS57: 72.137682 | AT57: 87.306568 | AU57: 73.414261 | AV57: 67.713647 | AW57: 69.869635 | AX57: 82.013832 | AY57: 69.080111 | AZ57: 90.75707 | BA57: 74.582835 | BB57: 68.813377 | BC57: 63.122032 | BD57: 65.621903 | BE57: 72.133402 | BF57: 68.538895 | BG57: 63.871027 | BH57: 69.74105 | BI57: 75.996639 | BJ57: 70.500287 | BK57: 62.609545 | BL57: 85.331367 | BM57: 67.710046 | BN57: 72.785966 | BO57: 72.842228 | BP57: 67.926797 | BQ57: 71.621836 | BR57: 70.897612 | BS57: 59.609453 | BT57: 63.260611 | BU57: 71.037378 | BV57: 64.452091 | BW57: 65.385036 | BX57: 74.572887 | BY57: 67.325607 | BZ57: 72.305445 | CA57: 68.730219 | CB57: 67.845052 | CC57: 72.019593 | CD57: 73.926842 | CE57: 67.592293 | CF57: 69.221486 | CG57: 68.82881 | CH57: 70.533448 | CI57: 70.452694 | CJ57: 74.555599 | CK57: 70.586403 | CL57: 70.365845 | CM57: 76.392647 | CN57: 71.121902 | CO57: 75.398456 | CP57: 63.773161 | CQ57: 84.93177 | CR57: 34.977212 | CS57: 60.519256 | CT57: 92.901089 | CU57: 84.005313 | CV57: 86.286653 | CW57: 77.058737 | CX57: 73.516914 | CY57: 87.444136 | CZ57: 80.20845 | DA57: 70.878272 | DB57: 80.127045 | DC57: 72.9793 | DD57: 74.290544 | DE57: 72.847725 | DF57: 70.40258 | DG57: 70.879789 | DH57: 73.508122 | DI57: 60.828953 | DJ57: 73.532055
... A128: 127 | B128: 사업1 | C128: 협력1 | D128: 외장1 | E128: 45597 | F128: - | G128: 정규 | H128: 거래중 | J128: 0 | K128: 0 | L128: 0 | M128: 0 | N128: 0 | O128: 0 | P128: 0 | Q128: 0 | R128: 0 | S128: 0 | T128: 0 | U128: 0 | V128: 0 | W128: 0 | X128: 0 | Y128: 0 | Z128: 0 | AA128: 0 | AB128: 0 | AC128: 0 | AD128: 0 | AE128: 0 | AF128: 0 | AG128: 0 | AH128: 0 | AI128: 0 | AJ128: 0 | AK128: 0 | AL128: 0 | AM128: 0 | AN128: 0 | AO128: 0 | AP128: 0 | AQ128: 0 | AR128: 0 | AS128: 0 | AT128: 0 | AU128: 0 | AV128: 0 | AW128: 0 | AX128: 0 | AY128: 0 | AZ128: 0 | BA128: 0 | BB128: 0 | BC128: 0 | BD128: 0 | BE128: 0 | BF128: 0 | BG128: 0 | BH128: 0 | BI128: 0 | BJ128: 0 | BK128: 0 | BL128: 0 | BM128: 0 | BN128: 0 | BO128: 0 | BP128: 0 | BQ128: 0 | BR128: 0 | BS128: 0 | BT128: 0 | BU128: 0 | BV128: 0 | BW128: 0 | BX128: 0 | BY128: 0 | BZ128: 0 | CA128: 0 | CB128: 0 | CC128: 0 | CD128: 0 | CE128: 0 | CF128: 0 | CG128: 0 | CH128: 0 | CI128: 0 | CJ128: 0 | CK128: 0 | CL128: 0 | CM128: 0 | CN128: 0 | CO128: 0 | CP128: 0 | CQ128: 0 | CR128: 0 | CS128: 0 | CT128: 0 | CU128: 0 | CV128: 0 | CW128: 0 | CX128: 0 | CY128: 0 | CZ128: 0 | DA128: 0 | DB128: 0 | DC128: 0 | DD128: 0 | DE128: 0 | DF128: 0 | DG128: 0 | DH128: 0 | DI128: 0 | DJ128: 0

Sheet 특작업비율
A1: No. | B1: 구분 | C1: 중구분 | D1: 소구분 | E1: 당사투입일 | F1: 계약종결일 | G1: 협력사구분 | H1: 계약종결사유 | J1: 42411 | K1: 42441 | L1: 42471 | M1: 42501 | N1: 42531 | O1: 42561 | P1: 42591 | Q1: 42621 | R1: 42651 | S1: 42681 | T1: 42711 | U1: 42741 | V1: 42771 | W1: 42801 | X1: 42831 | Y1: 42861 | Z1: 42891 | AA1: 42921 | AB1: 42951 | AC1: 42981 | AD1: 43011 | AE1: 43041 | AF1: 43071 | AG1: 43101 | AH1: 43132 | AI1: 43161 | AJ1: 43191 | AK1: 43221 | AL1: 43281 | AM1: 43311 | AN1: 43341 | AO1: 43371 | AP1: 43401 | AQ1: 43431 | AR1: 43461 | AS1: 43491 | AT1: 43521 | AU1: 43551 | AV1: 43581 | AW1: 43611 | AX1: 43641 | AY1: 43671 | AZ1: 43701 | BA1: 43731 | BB1: 43761 | BC1: 43791 | BD1: 43821 | BE1: 43851 | BF1: 43881 | BG1: 43911 | BH1: 43941 | BI1: 43971 | BJ1: 44001 | BK1: 44031 | BL1: 44061 | BM1: 44091 | BN1: 44121 | BO1: 44151 | BP1: 44181 | BQ1: 44211 | BR1: 44241 | BS1: 44271 | BT1: 44301 | BU1: 44331 | BV1: 44361 | BW1: 44391 | BX1: 44421 | BY1: 44451 | BZ1: 44481 | CA1: 44511 | CB1: 44541 | CC1: 44571 | CD1: 44601 | CE1: 44631 | CF1: 44661 | CG1: 44691 | CH1: 44721 | CI1: 44751 | CJ1: 44781 | CK1: 44811 | CL1: 44841 | CM1: 44871 | CN1: 44901 | CO1: 44931 | CP1: 44961 | CQ1: 44991 | CR1: 45021 | CS1: 45051 | CT1: 45081 | CU1: 45111 | CV1: 45141 | CW1: 45171 | CX1: 45201 | CY1: 45231 | CZ1: 45261 | DA1: 45321 | DB1: 45351 | DC1: 45381 | DD1: 45411 | DE1: 45441 | DF1: 45471 | DG1: 45501 | DH1: 45531 | DI1: 45561 | DJ1: 45591
A2: 1 | B2: 사업1 | C2: 협력1 | D2: 라인2 | E2: 42380 | F2: 43131 | G2: 정규 | H2: 경영악화 | J2: 7.5558313 | K2: 8.4949573 | L2: 8.9167639 | M2: 7.893481 | N2: 6.664434 | O2: 6.0054243 | P2: 8.3404987 | Q2: 10.547124 | R2: 7.9612738 | S2: 7.9957794 | T2: 7.2138792 | U2: 6.6416334 | V2: 7.8914535 | W2: 8.6626664 | X2: 9.27106 | Y2: 9.7597723 | Z2: 9.6996327 | AA2: 9.4649042 | AB2: 10.54749 | AC2: 8.2365003 | AD2: 8.064882 | AE2: 6.5793919 | AF2: 6.7074634 | AG2: 3.4237556
A3: 2 | B3: 사업1 | C3: 협력1 | D3: 외장1 | E3: 35149 | F3: 43131 | G3: 정규 | H3: 경영악화 | J3: 9.5228183 | K3: 9.6205357 | L3: 9.8333991 | M3: 9.6846248 | N3: 8.045676 | O3: 7.4542009 | P3: 8.960283 | Q3: 8.9979123 | R3: 8.9796642 | S3: 8.0428526 | T3: 8.2507289 | U3: 8.3830335 | V3: 8.1431051 | W3: 9.0151847 | X3: 10.822855 | Y3: 8.4371571 | Z3: 8.2341821 | AA3: 7.3699034 | AB3: 8.6374972 | AC3: 7.1356403 | AD3: 5.0226342 | AE3: 5.6342365 | AF3: 13.746188 | AG3: 6.5466875
A4: 3 | B4: 사업1 | C4: 협력1 | D4: 공사 | E4: 38071 | F4: 43159 | G4: 정규 | H4: 경영악화 | J4: 8.4549763 | K4: 10.262646 | L4: 10.417506 | M4: 11.428945 | N4: 10.087155 | O4: 9.3643503 | P4: 13.799648 | Q4: 12.004375 | R4: 9.4334278 | S4: 6.325441 | T4: 8.7836491 | U4: 10.036014 | V4: 5.7993132 | W4: 4.8857093 | X4: 10.478459 | Y4: 12.480424 | Z4: 11.931204 | AA4: 11.99655 | AB4: 14.634146 | AC4: 11.778143 | AD4: 10.764135 | AE4: 9.4595996 | AF4: 8.4846842 | AG4: 8.0597399 | AH4: 9.36311
A5: 4 | B5: 사업2 | C5: 협력1 | D5: 라인2 | E5: 42292 | F5: 43190 | G5: 정규 | H5: 경영악화 | J5: 9.5658376 | K5: 8.7769119 | L5: 10.450797 | M5: 10.02656 | N5: 6.2937063 | O5: 4.99378 | P5: 10.731555 | Q5: 11.903748 | R5: 12.027972 | S5: 9.9592989 | T5: 7.7834179 | U5: 6.995813 | V5: 8.5634167 | W5: 8.9547582 | X5: 8.8082192 | Y5: 10.445253 | Z5: 7.7593103 | AA5: 8.466149 | AB5: 11.508921 | AC5: 9.0248867 | AD5: 11.149716 | AE5: 9.188474 | AF5: 7.0086705 | AG5: 7.70672 | AH5: 6.9721116 | AI5: 10.769231
A6: 5 | B6: 사업1 | C6: 협력1 | D6: 공사 | E6: 43161 | F6: 43312 | G6: 정규 | H6: 경영악화 | AI6: 8.6488061 | AJ6: 8.5838048 | AK6: 8.685555 | AL6: 7.0529766 | AM6: 9.5224028
A7: 6 | B7: 사업2 | C7: 협력1 | D7: 라인2 | E7: 37956 | F7: 43312 | G7: 정규 | H7: 경영악화 | J7: 10.295127 | K7: 10.726473 | L7: 10.134235 | M7: 9.8555794 | N7: 8.8574726 | O7: 8.3002973 | P7: 10.666289 | Q7: 10.960346 | R7: 11.337629 | S7: 8.9637079 | T7: 9.7811168 | U7: 8.6980306 | V7: 10.20526 | W7: 9.8145331 | X7: 10.139846 | Y7: 9.7591888 | Z7: 9.491619 | AA7: 9.2295851 | AB7: 12.005028 | AC7: 8.5643154 | AD7: 6.6862014 | AE7: 5.9918879 | AF7: 5.375312 | AG7: 3.7880447 | AH7: 3.6011905 | AI7: 3.6443469 | AJ7: 5.6398758 | AK7: 4.4980332 | AL7: 5.7702488 | AM7: 4.8744678
A8: 7 | B8: 사업1 | C8: 협력1 | D8: 외장1 | E8: 39783 | F8: 43570 | G8: 정규 | H8: 경영악화 | J8: 10.148903 | K8: 9.2742556 | L8: 10.060976 | M8: 9.2597313 | N8: 7.6738974 | O8: 6.1626163 | P8: 9.2054603 | Q8: 8.8183302 | R8: 8.7578507 | S8: 8.4250691 | T8: 8.9542945 | U8: 8.3981271 | V8: 8.0008426 | W8: 7.4622727 | X8: 9.5624917 | Y8: 10.052259 | Z8: 9.9121391 | AA8: 9.5438018 | AB8: 8.8875 | AC8: 6.688708 | AD8: 7.2135061 | AE8: 5.8551618 | AF8: 5.8535327 | AG8: 4.8450803 | AH8: 4.8022225 | AI8: 4.6407186 | AJ8: 5.2605021 | AK8: 7.3751257 | AL8: 8.6469534 | AM8: 7.881485 | AN8: 9.9789178 | AO8: 7.5919971
A9: 8 | B9: 사업1 | C9: 협력1 | D9: 공사 | E9: 43161 | F9: 43793 | G9: 정규 | H9: 경영악화 | AI9: 8.0812024 | AJ9: 8.8973243 | AK9: 9.4635724 | AL9: 9.0622457 | AM9: 10.092381 | AN9: 8.0390879 | AO9: 9.679501 | AP9: 8.7058136 | AQ9: 8.0355455 | AR9: 8.8252622 | AS9: 7.2444245 | AT9: 6.6309118 | AX9: 8.9799477 | AY9: 7.6975945 | AZ9: 12.591615 | BA9: 10.818552 | BB9: 9.8415133 | BC9: 10.34008
A10: 9 | B10: 사업1 | C10: 협력2 | D10: 지원 | E10: 39203 | F10: 43799 | G10: 정규 | H10: 경영악화 | J10: 9.2830572 | K10: 8.0704281 | L10: 9.6917417 | M10: 9.9226392 | N10: 8.6156623 | O10: 8.702077 | P10: 9.5167601 | Q10: 9.8115855 | R10: 10.655256 | S10: 8.5738783 | T10: 10.885853 | U10: 8.441337 | V10: 9.3629929 | W10: 9.4506901 | X10: 9.0748795 | Y10: 9.579052 | Z10: 8.7106017 | AA10: 8.2956924 | AB10: 8.7824862 | AC10: 8.4592827 | AD10: 6.3267233 | AE10: 4.3940189 | AF10: 6.1964592 | AG10: 4.1892809 | AH10: 2.8647372 | AI10: 3.0549898 | AJ10: 5.1486428 | AK10: 4.2715827 | AL10: 6.3628159 | AM10: 5.1538046 | AN10: 8.3116883 | AO10: 8.577469 | AP10: 3.8669551 | AQ10: 5.519802 | AR10: 7.1598336 | AS10: 4.2773525 | AT10: 6.3804052 | AU10: 10.060261 | AV10: 6.087245 | AW10: 6.0501891 | AX10: 9.5672814 | AY10: 7.3017267 | AZ10: 12.005156 | BA10: 7.4332172 | BB10: 8.2568807 | BC10: 8.2178804
A11: 10 | B11: 사업2 | C11: 협력1 | D11: 외장1 | E11: 41836 | F11: 43814 | G11: 정규 | H11: 경영악화 | J11: 10.419555 | K11: 9.4720134 | L11: 10.202097 | M11: 9.6637639 | N11: 8.4181676 | O11: 8.8055735 | P11: 10.589283 | Q11: 11.239936 | R11: 10.399498 | S11: 8.7478638 | T11: 9.333693 | U11: 8.5566757 | V11: 9.8408173 | W11: 10.12988 | X11: 11.372017 | Y11: 8.1494822 | Z11: 9.0113874 | AA11: 8.6094526 | AB11: 8.6332939 | AC11: 7.9321849 | AD11: 9.279272 | AE11: 7.9504703 | AF11: 9.0978302 | AG11: 7.8675905 | AH11: 8.8218054 | AI11: 12.341747 | AJ11: 5.3562572 | AK11: 4.8883375 | AL11: 6.7142008 | AM11: 6.7805954 | AN11: 8.8005011 | AO11: 8.2918149 | AP11: 5.3254438 | AQ11: 4.4866613 | AR11: 7.1428571 | AS11: 3.3670034 | AT11: 3.8054968 | AU11: 4.9595687 | AV11: 3.9716312 | AW11: 6.1383648 | AX11: 12.195122 | AY11: 9.4506358 | AZ11: 13.937119 | BA11: 9.4641087 | BB11: 11.234365 | BC11: 10.601437 | BD11: 0.13736264
A12: 11 | B12: 사업1 | C12: 협력2 | D12: 공사 | E12: 40238 | F12: 44165 | G12: 정규 | H12: 경영악화 | J12: 9.4394544 | K12: 9.7682336 | L12: 10.291762 | M12: 9.6105248 | N12: 9.2877661 | O12: 6.1989796 | P12: 8.6788067 | Q12: 9.0549699 | R12: 9.9832732 | S12: 8.0847187 | T12: 9.0530803 | U12: 8.4340351 | V12: 8.6275626 | W12: 9.0826756 | X12: 9.9765743 | Y12: 7.3919523 | Z12: 7.0414083 | AA12: 8.2882883 | AB12: 2.2274326 | AC12: 8.0202743 | AD12: 5.1459854 | AE12: 3.8058659 | AF12: 4.3926083 | AG12: 5.1165803 | AH12: 14.11708 | AI12: 7.3834924 | AJ12: 4.508767 | AK12: 5.4054054 | AL12: 6.6609245 | AM12: 10.87117 | AN12: 10.75481 | AO12: 10.771056 | AP12: 8.6124402 | AQ12: 7.4493574 | AR12: 10.675201 | AS12: 9.6603516 | AT12: 12.633421 | AU12: 11.941414 | AV12: 8.6956522 | AW12: 6.095791 | AX12: 10.038675 | AY12: 9.0897303 | AZ12: 12.618297 | BA12: 7.9570253 | BB12: 8.4629537 | BC12: 7.7226304 | BD12: 9.3241243 | BE12: 4.6006067 | BG12: 3.2364235 | BH12: 17.027501 | BI12: 27.757125 | BJ12: 8.1587035 | BK12: 4.454343 | BL12: 12.988958 | BM12: 8.8304738 | BN12: 9.6466629 | BO12: 2.9693487
A13: 12 | B13: 사업1 | C13: 협력2 | D13: 공사 | E13: 42339 | F13: 44196 | G13: 정규 | H13: 경영악화 | J13: 11.635247 | K13: 11.143043 | L13: 11.546655 | M13: 12.899565 | N13: 11.708772 | O13: 8.4510079 | P13: 10.085952 | Q13: 11.215922 | R13: 11.410579 | S13: 10.018904 | T13: 10.749594 | U13: 9.6106253 | V13: 7.8506759 | W13: 11.133245 | X13: 11.323844 | Y13: 10.727207 | Z13: 7.8565205 | AA13: 8.5379924 | AB13: 9.9277606 | AC13: 7.921594 | AD13: 6.3868201 | AE13: 2.1314387 | AF13: 5.1269036 | AG13: 4.7527604 | AH13: 9.7826087 | AI13: 5.3892216 | AJ13: 3.9097266 | AK13: 4.7091413 | AL13: 7.0577015 | AM13: 8.4466714 | AN13: 8.0406091 | AO13: 6.7771404 | AP13: 5.9486537 | AQ13: 5.6962025 | AR13: 9.7644377 | AS13: 8.9044363 | AT13: 10.626358 | AU13: 11.539528 | AV13: 6.9752066 | AW13: 6.5693431 | AX13: 8.661865 | AY13: 8.341796 | AZ13: 10.278683 | BA13: 6.3380282 | BB13: 5.5826031 | BC13: 6.5076274 | BD13: 6.8978732 | BF13: 10.207401 | BG13: 8.2151175 | BH13: 8.2966606 | BI13: 9.270195 | BJ13: 7.3649302 | BK13: 5.973362 | BL13: 9.8879602 | BM13: 6.9754464 | BN13: 8.9353324 | BO13: 8.3269672 | BP13: 7.4749642
A14: 13 | B14: 사업2 | C14: 협력1 | D14: 외장1 | E14: 41674 | F14: 44255 | G14: 정규 | H14: 경영악화 | J14: 11.510256 | K14: 11.128351 | L14: 11.326224 | M14: 12.151314 | N14: 9.8480243 | O14: 8.9874687 | P14: 11.255085 | Q14: 10.722836 | R14: 11.343738 | S14: 10.403847 | T14: 10.733101 | U14: 10.64159 | V14: 10.297834 | W14: 10.126208 | X14: 11.736363 | Y14: 10.759419 | Z14: 11.213914 | AA14: 11.287457 | AB14: 12.233702 | AC14: 9.1090293 | AD14: 7.580463 | AE14: 4.5919673 | AF14: 3.7821262 | AG14: 3.2896533 | AH14: 3.3020395 | AI14: 5.1023192 | AJ14: 6.1153244 | AK14: 5.8063722 | AL14: 7.7053898 | AM14: 7.5822412 | AN14: 7.1244434 | AO14: 8.3493424 | AP14: 9.3799682 | AQ14: 8.4360805 | AR14: 9.2007105 | AS14: 5.744603 | AT14: 8.3177092 | AU14: 10.019556 | AV14: 8.9250544 | AW14: 9.6361455 | AX14: 11.179884 | AY14: 9.4873123 | AZ14: 11.738217 | BA14: 5.4115144 | BB14: 9.4931271 | BC14: 6.9819484 | BD14: 8.7927905 | BE14: 8.6901763 | BF14: 10.092681 | BG14: 11.397165 | BH14: 12.072347 | BI14: 12.388969 | BJ14: 10.871241 | BK14: 9.1192171 | BL14: 7.3170732 | BM14: 10.295749 | BN14: 8.736146 | BO14: 7.037037 | BP14: 9.3316074 | BQ14: 5.69874 | BR14: 6.7529793
A15: 14 | B15: 사업1 | C15: 협력3 | D15: 외장4 | E15: 37074 | F15: 44255 | G15: 정규 | H15: 경영악화 | J15: 12.590041 | K15: 11.765203 | L15: 12.983994 | M15: 13.03675 | N15: 12.161905 | O15: 11.68845 | P15: 11.731044 | Q15: 11.469136 | R15: 12.208182 | S15: 12.726773 | T15: 11.477818 | U15: 11.985669 | V15: 12.505899 | W15: 12.105856 | X15: 11.817686 | Y15: 12.43167 | Z15: 12.072323 | AA15: 13.593336 | AB15: 12.616202 | AC15: 10.879905 | AD15: 9.8701299 | AE15: 7.2475185 | AF15: 5.4381775 | AG15: 3.1237643 | AH15: 4.8307931 | AI15: 9.3679288 | AJ15: 7.1753808 | AK15: 8.2154775 | AL15: 12.486828 | AM15: 12.936841 | AN15: 14.598643 | AO15: 14.472065 | AP15: 11.881071 | AQ15: 12.795377 | AR15: 13.982671 | AS15: 12.553748 | AT15: 12.336055 | AU15: 11.969395 | AV15: 13.695112 | AW15: 12.849722 | AX15: 15.227037 | AY15: 12.366358 | AZ15: 14.420247 | BA15: 13.064713 | BB15: 14.358553 | BC15: 12.365775 | BD15: 12.728821 | BE15: 11.714538 | BF15: 13.139147 | BG15: 10.958421 | BH15: 10.26402 | BI15: 9.5941469 | BJ15: 8.6086327 | BK15: 4.2876284 | BL15: 1.0594467 | BM15: 4.0298767 | BN15: 3.9669421 | BO15: 3.9179104 | BP15: 0.60305837 | BQ15: 2.2736842 | BR15: 0
A16: 15 | B16: 사업1 | C16: 협력2 | D16: 공장3 | E16: 38408 | F16: 44269 | G16: 정규 | H16: 경영악화 | J16: 10.852613 | K16: 10.249218 | L16: 10.413902 | M16: 11.291489 | N16: 9.4760158 | O16: 9.7410852 | P16: 10.524102 | Q16: 10.551302 | R16: 9.2573615 | S16: 8.8551268 | T16: 10.084298 | U16: 7.2983131 | V16: 7.7557281 | W16: 8.8969659 | X16: 12.297297 | Y16: 9.3647913 | Z16: 9.6351666 | AA16: 8.9699074 | AB16: 5.9029235 | AC16: 6.166543 | AD16: 5.4506631 | AE16: 4.9390386 | AF16: 3.9474876 | AG16: 5.7165542 | AH16: 5.9635843 | AI16: 8.3824447 | AJ16: 8.7641556 | AK16: 8.1265732 | AL16: 7.9996705 | AM16: 7.2230072 | AN16: 9.8 | AO16: 10.584806 | AP16: 10.363661 | AQ16: 9.7097056 | AR16: 10.84494 | AS16: 9.0809817 | AT16: 9.3226177 | AU16: 7.3227056 | AV16: 6.6470462 | AW16: 6.6615325 | AX16: 8.9905947 | AY16: 8.9279598 | AZ16: 9.4204646 | BA16: 8.6982724 | BB16: 8.1351767 | BC16: 5.4150878 | BD16: 7.7445738 | BE16: 7.0361518 | BF16: 5.3775744 | BG16: 6.5403668 | BH16: 7.5833271 | BI16: 6.529151 | BJ16: 4.6542664 | BK16: 5.389778 | BL16: 6.7368421 | BM16: 4.4959834 | BN16: 4.6197874 | BO16: 0.53868756 | BP16: 1.3923158 | BQ16: 0.23537932 | BR16: 1.9316163 | BS16: 2.7369281
A17: 16 | B17: 사업1 | C17: 협력1 | D17: 외장1 | E17: 40299 | F17: 44286 | G17: 정규 | H17: 경영악화 | J17: 11.002024 | K17: 9.956122 | L17: 11.377522 | M17: 11.60057 | N17: 9.6125 | O17: 10.810157 | P17: 11.388235 | Q17: 9.6361849 | R17: 10.071288 | S17: 8.6568968 | T17: 9.3377667 | U17: 6.0932565 | V17: 8.5475379 | W17: 5.7992689 | X17: 11.381333 | Y17: 8.8125846 | Z17: 9.7374752 | AA17: 9.1763477 | AB17: 2.9020143 | AC17: 1.9884726 | AD17: 0.34296913 | AE17: 6.5956575 | AF17: 9.0221688 | AG17: 2.5115531 | AH17: 7.8177038 | AI17: 7.4863311 | AJ17: 4.7089601 | AK17: 5.9109115 | AL17: 8.2585867 | AM17: 5.8141034 | AN17: 6.8657685 | AO17: 6.9282267 | AP17: 5.4936897 | AQ17: 8.1041845 | AR17: 8.2376882 | AS17: 6.9344671 | AT17: 7.6937372 | AU17: 6.974981 | AV17: 7.6102877 | AW17: 7.0016424 | AX17: 8.941161 | AY17: 7.5899328 | AZ17: 10.93712 | BA17: 6.2166255 | BB17: 8.1792634 | BC17: 5.189102 | BD17: 4.8335975 | BE17: 4.6673756 | BF17: 6.5827799 | BG17: 7.1708222 | BH17: 6.3267544 | BI17: 6.4366849 | BJ17: 4.9582394 | BK17: 4.8750173 | BL17: 7.1803853 | BM17: 6.6297249 | BN17: 6.993988 | BO17: 5.6886228 | BP17: 6.1145164 | BQ17: 3.7706876 | BR17: 2.6724792
A18: 17 | B18: 사업1 | C18: 협력2 | D18: 지원 | E18: 39066 | F18: 44316 | G18: 정규 | H18: 경영악화 | J18: 12.231926 | K18: 10.919565 | L18: 10.981448 | M18: 10.943552 | N18: 10.311564 | O18: 9.7604858 | P18: 11.342525 | Q18: 11.002757 | R18: 10.895655 | S18: 8.9448402 | T18: 9.7075462 | U18: 9.4621574 | V18: 9.629449 | W18: 10.182912 | X18: 10.47172 | Y18: 9.5533897 | Z18: 9.481421 | AA18: 9.3026728 | AB18: 10.820485 | AC18: 8.3524124 | AD18: 6.8668407 | AE18: 5.0776975 | AF18: 8.3059298 | AG18: 5.5530626 | AH18: 5.0626566 | AI18: 7.6789084 | AJ18: 7.0189274 | AK18: 7.6368265 | AL18: 10.018727 | AM18: 8.7239174 | AN18: 9.4082141 | AO18: 9.7903633 | AP18: 6.4171688 | AQ18: 7.1736143 | AR18: 8.5136791 | AS18: 7.4974236 | AT18: 6.2721893 | AU18: 9.5996732 | AV18: 6.4975488 | AW18: 6.3407867 | AX18: 8.9852264 | AY18: 6.2486564 | AZ18: 10.442509 | BA18: 6.7444344 | BB18: 9.5130522 | BC18: 9.0816787 | BD18: 8.6164299 | BE18: 6.7041027 | BF18: 8.2363865 | BG18: 6.2404372 | BH18: 7.2713057 | BI18: 7.7632793 | BJ18: 7.9351366 | BK18: 7.4824971 | BL18: 11.237785 | BM18: 8.3046384 | BN18: 8.7619649 | BO18: 7.1547076 | BP18: 6.8231574 | BQ18: 7.2675114 | BR18: 5.6758893 | BS18: 6.5637566 | BT18: 4.8579662
A19: 18 | B19: 사업2 | C19: 협력2 | D19: 도크 | E19: 44075 | F19: 44449 | G19: 정규 | H19: 경영악화 | BM19: 9.6774194 | BN19: 11.235416 | BO19: 10.629874 | BP19: 11.29902 | BQ19: 9.009617 | BR19: 5.7873768 | BS19: 4.181601 | BT19: 5.4228856 | BU19: 8.0859439 | BV19: 9.3195876 | BW19: 7.418738 | BX19: 4.319946 | BY19: 0.74515648
A20: 19 | B20: 사업1 | C20: 협력1 | D20: 내장2 | E20: 40756 | F20: 44484 | G20: 정규 | H20: 경영악화 | J20: 9.0815803 | K20: 9.0785249 | L20: 11.060739 | M20: 9.4377974 | N20: 8.0287877 | O20: 8.1092053 | P20: 9.6695821 | Q20: 9.8854123 | R20: 8.8712871 | S20: 7.2977148 | T20: 7.6650879 | U20: 8.3382474 | V20: 8.941627 | W20: 9.1064859 | X20: 9.7733238 | Y20: 9.0737117 | Z20: 8.8228942 | AA20: 9.0035014 | AB20: 10.286838 | AC20: 8.2435466 | AD20: 7.5301677 | AE20: 3.7533512 | AF20: 4.3034282 | AG20: 3.9741286 | AH20: 4.0942065 | AI20: 5.066345 | AJ20: 4.4847973 | AK20: 3.6964618 | AL20: 3.516079 | AM20: 5.077603 | AN20: 4.870023 | AO20: 7.6610074 | AP20: 6.6369214 | AQ20: 5.8306786 | AR20: 6.6946894 | AS20: 1.2556551 | AT20: 4.5406547 | AU20: 9.7171381 | AV20: 7.3695237 | AW20: 6.5842055 | AX20: 9.7651007 | AY20: 7.2215521 | AZ20: 10.57561 | BA20: 6.3191153 | BB20: 7.2847682 | BC20: 7.6353363 | BD20: 8.0215173 | BE20: 7.0438399 | BF20: 8.5270136 | BG20: 7.6928156 | BH20: 8.4070519 | BI20: 8.4696824 | BJ20: 7.4057305 | BK20: 7.2022333 | BL20: 8.7884436 | BM20: 8.1806759 | BN20: 9.0167801 | BO20: 7.2326185 | BP20: 7.8030148 | BQ20: 6.8396903 | BR20: 6.1690851 | BS20: 6.4152274 | BT20: 5.9300039 | BU20: 6.7060762 | BV20: 4.6578923 | BW20: 5.3866616 | BX20: 6.6521405 | BY20: 5.562835 | BZ20: 9.4687131
A21: 20 | B21: 사업2 | C21: 협력1 | D21: 라인2 | E21: 43801 | F21: 44530 | G21: 정규 | H21: 경영악화 | BD21: 8.0344112 | BE21: 6.5797362 | BF21: 8.034462 | BG21: 6.8094552 | BH21: 8.1422743 | BI21: 8.8526098 | BJ21: 5.9452601 | BK21: 8.1945207 | BL21: 10.24296 | BM21: 7.2346462 | BN21: 7.281055 | BO21: 7.2861668 | BP21: 7.6178855 | BQ21: 7.5004653 | BR21: 6.8296026 | BS21: 5.4753609 | BT21: 4.8401131 | BU21: 7.0157338 | BV21: 5.4859719 | BW21: 4.5447705 | BX21: 7.4466143 | BY21: 5.9506531 | BZ21: 2.9442472 | CA21: 0.47169811 | CB21: 0
A22: 21 | B22: 사업1 | C22: 협력1 | D22: 외장1 | E22: 44013 | F22: 44530 | G22: 정규 | H22: 경영악화 | BK22: 9.5887492 | BL22: 11.5 | BM22: 9.8158131 | BN22: 9.6899225 | BO22: 9.2167102 | BP22: 7.7320857 | BQ22: 7.733711 | BR22: 7.3027902 | BS22: 5.7161207 | BT22: 4.1682173 | BU22: 3.7327189 | BV22: 6.1068702 | BW22: 6.3047876 | BX22: 8.9072165 | BY22: 6.6562255 | BZ22: 7.8451883 | CA22: 5.7475446
A23: 22 | B23: 사업1 | C23: 협력1 | D23: 외장1 | E23: 43927 | F23: 44530 | G23: 정규 | H23: 경영악화 | BH23: 8.7416083 | BI23: 9.2697352 | BJ23: 8.245142 | BK23: 8.9350678 | BL23: 11.0053 | BM23: 9.7716671 | BN23: 7.0302943 | BO23: 5.3187533 | BP23: 4.9289556 | BQ23: 3.9701116 | BR23: 3.4486961 | BS23: 5.466408 | BT23: 3.4165303 | BU23: 3.4487263 | BV23: 4.5476833 | BW23: 5.8634736 | BX23: 6.6345639 | BY23: 4.200542 | BZ23: 6.7133584 | CA23: 3.2994397
A24: 23 | B24: 사업1 | C24: 협력2 | D24: 지원 | E24: 39539 | F24: 44566 | G24: 정규 | H24: 경영악화 | J24: 8.1716503 | K24: 8.2886858 | L24: 8.5783962 | M24: 8.1919494 | N24: 6.0843317 | O24: 9.4205573 | P24: 12.020866 | Q24: 11.913229 | R24: 11.012244 | S24: 8.6657401 | T24: 8.6294416 | U24: 7.2127552 | V24: 0.90027701 | W24: 4.6797408 | X24: 7.0392057 | Y24: 9.0320877 | Z24: 7.8826764 | AA24: 7.8430029 | AB24: 10.064985 | AC24: 8.951672 | AD24: 9.0410782 | AE24: 7.6857054 | AF24: 6.7767565 | AG24: 5.6157635 | AH24: 4.8417808 | AI24: 6.6194621 | AJ24: 6.4764646 | AK24: 4.2227802 | AL24: 5.4683607 | AM24: 7.1242624 | AN24: 8.2717391 | AO24: 10.28601 | AP24: 4.3554007 | AQ24: 5.4197503 | AR24: 6.5001367 | AS24: 6.6433566 | AT24: 7.0836622 | AU24: 8.8158023 | AV24: 8.2653986 | AW24: 8.2244307 | AX24: 11.421895 | AY24: 6.6638032 | AZ24: 12.827546 | BA24: 7.8440438 | BB24: 10.882469 | BC24: 9.573526 | BD24: 6.973779 | BE24: 7.551963 | BF24: 8.8395871 | BG24: 6.0995096 | BH24: 8.6328725 | BI24: 6.693212 | BJ24: 8.1764333 | BK24: 9.1642384 | BL24: 13.306059 | BM24: 9.388601 | BN24: 10.206593 | BO24: 8.7939025 | BP24: 7.698486 | BQ24: 7.2424837 | BR24: 5.8861962 | BS24: 6.3815143 | BT24: 5.4245624 | BU24: 6.5250724 | BV24: 6.5559903 | BW24: 8.2672949 | BX24: 10.799081 | BY24: 8.0259222 | BZ24: 8.9988039 | CA24: 3.1676055 | CB24: 4.5510964
A25: 24 | B25: 사업2 | C25: 협력1 | D25: 라인2 | E25: 41404 | F25: 44620 | G25: 정규 | H25: 경영악화 | J25: 10.785349 | K25: 9.5652795 | L25: 9.3708658 | M25: 9.967916 | N25: 9.624891 | O25: 9.0023514 | P25: 12.593127 | Q25: 12.526084 | R25: 11.395304 | S25: 10.110821 | T25: 10.31817 | U25: 9.3036545 | V25: 10.576445 | W25: 9.6639516 | X25: 9.9733028 | Y25: 8.4892743 | Z25: 8.7485494 | AA25: 8.8000279 | AB25: 11.52418 | AC25: 9.1782502 | AD25: 10.495518 | AE25: 8.2966856 | AF25: 9.2671303 | AG25: 7.3959688 | AH25: 8.3590271 | AP25: 3.8251366 | AQ25: 2.972028 | AR25: 4.8529412 | AS25: 3.9558418 | AT25: 6.9565217 | AU25: 8.8222123 | AV25: 7.01576 | AW25: 8.7235283 | AX25: 10.734402 | AY25: 9.0177791 | AZ25: 12.118697 | BA25: 6.4172212 | BB25: 10.562231 | BC25: 11.010272 | BD25: 9.9996046 | BE25: 8.8555655 | BF25: 8.9363904 | BG25: 8.2305359 | BH25: 8.5347201 | BI25: 8.0199496 | BJ25: 5.3705608 | BK25: 6.6435453 | BL25: 10.584834 | BM25: 8.7947251 | BN25: 10.540614 | BO25: 10.026914 | BP25: 8.4536752 | BQ25: 10.683082 | BR25: 5.595117 | BS25: 5.4538663 | BT25: 4.1357027 | BU25: 7.4337121 | BV25: 6.6321818 | BW25: 7.1460407 | BX25: 10.138824 | BY25: 7.6013514 | BZ25: 8.5310584 | CA25: 6.8512556 | CB25: 7.0565356 | CC25: 6.8983137 | CD25: 6.6051481 | CE25: 0
A26: 25 | B26: 사업1 | C26: 협력1 | D26: 외장1 | E26: 42125 | F26: 44651 | G26: 정규 | H26: 경영악화 | J26: 9.5194508 | K26: 8.6924403 | L26: 9.3086093 | M26: 9.4239231 | N26: 7.9482006 | O26: 6.9312671 | P26: 10.155575 | Q26: 9.7044369 | R26: 9.6718666 | S26: 7.490576 | T26: 7.9298565 | U26: 7.4208145 | V26: 8.8398597 | W26: 7.6392378 | X26: 9.8423907 | Y26: 9.0123634 | Z26: 8.9819015 | AA26: 7.8898579 | AB26: 7.6371693 | AC26: 6.7510004 | AD26: 6.1805696 | AE26: 3.9215686 | AF26: 4.0934934 | AG26: 3.4266255 | AH26: 4.3195063 | AI26: 4.3073774 | AJ26: 3.7059355 | AK26: 2.1480331 | AL26: 2.8119508 | AM26: 3.9608967 | AN26: 6.4095292 | AO26: 6.078197 | AP26: 5.2811663 | AQ26: 6.6252331 | AR26: 8.0638928 | AS26: 4.5759717 | AT26: 5.1460968 | AU26: 6.1674806 | AV26: 3.5701966 | AW26: 6.2469136 | AX26: 7.546482 | AY26: 6.5023192 | AZ26: 10.390264 | BA26: 6.1765786 | BB26: 8.0331317 | BC26: 7.5596817 | BD26: 8.4576333 | BE26: 7.2484076 | BF26: 8.6685013 | BG26: 7.7662794 | BH26: 7.9315874 | BI26: 7.9868709 | BJ26: 7.16535 | BK26: 6.3809723 | BL26: 8.0729818 | BM26: 7.8125 | BN26: 7.7652206 | BO26: 6.4668581 | BP26: 6.0804672 | BQ26: 4.4802867 | BR26: 3.619998 | BS26: 3.5409667 | BT26: 3.8723282 | BU26: 3.2894737 | BV26: 3.8729158 | BW26: 4.9372146 | BX26: 5.7637973 | BY26: 5.191768 | BZ26: 7.4427995 | CA26: 6.6630494 | CB26: 5.6521739 | CC26: 6.6149537 | CD26: 6.7899671 | CE26: 6.1654312
A27: 26 | B27: 사업1 | C27: 협력1 | D27: 라인2 | E27: 40179 | F27: 44651 | G27: 정규 | H27: 경영악화 | J27: 6.0476005 | K27: 6.1952644 | L27: 7.4333423 | M27: 8.0636877 | N27: 7.648745 | O27: 8.2253459 | P27: 8.9303807 | Q27: 9.1691878 | R27: 8.388881 | S27: 7.480315 | T27: 7.0837684 | U27: 7.4635654 | V27: 8.2954406 | W27: 8.8769752 | X27: 8.0363224 | Y27: 7.8369906 | Z27: 7.7101919 | AA27: 8.0615271 | AB27: 9.4315016 | AC27: 6.8908802 | AD27: 6.8199716 | AE27: 6.5469218 | AF27: 5.750829 | AG27: 4.6981169 | AH27: 3.7451686 | AI27: 4.5147005 | AJ27: 2.2428773 | AK27: 4.5221843 | AL27: 4.8353041 | AM27: 3.201328 | AN27: 3.957529 | AO27: 3.4240924 | AP27: 5.8067969 | AQ27: 5.0739419 | AR27: 5.5640633 | AS27: 4.9168207 | AT27: 5.6598712 | AU27: 6.872086 | AV27: 5.704864 | AW27: 5.9251559 | AX27: 6.672903 | AY27: 5.6937854 | AZ27: 8.7591241 | BA27: 4.4712683 | BB27: 7.3003998 | BC27: 7.5195715 | BD27: 8.2186202 | BE27: 6.7259346 | BF27: 8.1938268 | BG27: 7.6001187 | BH27: 6.8788564 | BI27: 6.8598182 | BJ27: 5.7621827 | BK27: 5.3913185 | BL27: 7.0175439 | BM27: 6.4138909 | BN27: 6.5080334 | BO27: 3.7506895 | BP27: 3.340081 | BQ27: 5.3714444 | BR27: 4.8117482 | BS27: 5.7748445 | BT27: 4.4694269 | BU27: 6.0606061 | BV27: 3.0999213 | BW27: 2.4390244 | BX27: 4.997827 | BY27: 3.9601908 | BZ27: 5.58669 | CA27: 4.745328 | CB27: 3.7062457 | CC27: 3.9889959 | CD27: 4.9268913 | CE27: 5.0143724
A28: 27 | B28: 사업1 | C28: 협력3 | D28: 외장3 | E28: 37347 | F28: 44651 | G28: 정규 | H28: 경영악화 | J28: 10.900901 | K28: 10.478054 | L28: 11.456779 | M28: 12.088826 | N28: 11.175166 | O28: 11.020408 | P28: 13.211631 | Q28: 12.394754 | R28: 12.356539 | S28: 10.447188 | T28: 11.350022 | U28: 11.160905 | V28: 11.444876 | W28: 11.845767 | X28: 12.827973 | Y28: 11.514456 | Z28: 11.285853 | AA28: 12.541451 | AB28: 13.784902 | AC28: 11.078779 | AD28: 8.1334496 | AE28: 5.8534137 | AF28: 7.7964667 | AG28: 1.5870951 | AH28: 1.6783974 | AI28: 5.7018575 | AJ28: 7.4758842 | AK28: 7.8981723 | AL28: 8.0102496 | AM28: 9.2571066 | AN28: 6.6557108 | AO28: 12.281703 | AP28: 9.5904096 | AQ28: 6.6958098 | AR28: 9.8137842 | AS28: 7.7009844 | AT28: 7.9833476 | AU28: 7.0627582 | AV28: 7.2522226 | AW28: 6.4471319 | AX28: 11.569316 | AY28: 10.473802 | AZ28: 13.884967 | BA28: 10.009006 | BB28: 10.707397 | BC28: 8.885708 | BD28: 9.9845041 | BE28: 8.3558094 | BF28: 8.6903721 | BG28: 10.858434 | BH28: 11.420013 | BI28: 14.126364 | BJ28: 11.164129 | BK28: 10.799729 | BL28: 12.823924 | BM28: 11.273847 | BN28: 10.686736 | BO28: 9.9424528 | BP28: 7.7603519 | BQ28: 6.9699066 | BR28: 7.4399399 | BS28: 8.9897022 | BT28: 5.7698289 | BU28: 8.038906 | BV28: 7.8562857 | BW28: 8.0075619 | BX28: 9.1911765 | BY28: 5.9173172 | BZ28: 6.7195437 | CA28: 5.2376171 | CB28: 4.4645055 | CC28: 7.305018 | CD28: 7.0697954 | CE28: 7.400722
A29: 28 | B29: 사업1 | C29: 협력1 | D29: 내장2 | E29: 42979 | F29: 44681 | G29: 정규 | H29: 경영악화 | AC29: 6.0871723 | AD29: 7.5301205 | AE29: 5.8199484 | AF29: 6.3568737 | AG29: 3.9282197 | AH29: 4.0314057 | AI29: 4.8619066 | AJ29: 4.8231947 | AK29: 5.6452607 | AL29: 6.8622246 | AM29: 6.931378 | AN29: 6.8851783 | AO29: 6.3360882 | AP29: 7.2045205 | AQ29: 6.1218875 | AR29: 7.6057922 | AS29: 7.1783202 | AT29: 6.4969156 | AU29: 8.0462001 | AV29: 8.3584792 | AW29: 8.1054614 | AX29: 10.318482 | AY29: 7.8450399 | AZ29: 11.647192 | BA29: 7.4989049 | BB29: 9.0929502 | BC29: 7.9323894 | BD29: 8.1697824 | BE29: 7.1690677 | BF29: 8.9496792 | BG29: 8.8028504 | BH29: 8.2980171 | BI29: 8.9369278 | BJ29: 8.0952151 | BK29: 8.6270075 | BL29: 11.034393 | BM29: 8.9770246 | BN29: 9.0307452 | BO29: 7.6003876 | BP29: 6.9381025 | BQ29: 5.9481583 | BR29: 5.5773289 | BS29: 5.4124457 | BT29: 5.053286 | BU29: 5.7152916 | BV29: 4.9826058 | BW29: 6.0304697 | BX29: 8.0722587 | BY29: 5.7191531 | BZ29: 8.9076908 | CA29: 6.0511541 | CB29: 5.7428215 | CC29: 5.3208138 | CD29: 7.8536848 | CE29: 7.0369709 | CF29: 7.8751857
A30: 29 | B30: 사업1 | C30: 협력2 | D30: 도크 | E30: 42064 | F30: 44712 | G30: 정규 | H30: 경영악화 | J30: 12.067819 | K30: 11.688312 | L30: 12.883052 | M30: 12.80286 | N30: 13.527607 | O30: 12.258875 | P30: 12.692678 | Q30: 12.157033 | R30: 10.521189 | S30: 8.5182351 | T30: 10.743258 | U30: 10.38124 | V30: 11.258576 | W30: 11.414969 | X30: 11.249475 | Y30: 10.181436 | Z30: 7.6421989 | AA30: 10.557744 | AB30: 5.781898 | AC30: 7.2186495 | AD30: 7.9901659 | AE30: 7.6936558 | AF30: 8.5656123 | AG30: 4.8356887 | AH30: 4.8410062 | AI30: 4.5717593 | AJ30: 3.4174757 | AK30: 7.9969302 | AL30: 9.8540719 | AM30: 8.0329724 | AN30: 9.4373219 | AO30: 11.209587 | AP30: 10.698766 | AQ30: 8.5138765 | AR30: 6.9470034 | AS30: 6.2246905 | AT30: 6.8425136 | AU30: 9.3454752 | AV30: 7.2634053 | AW30: 7.825759 | AX30: 8.6362001 | AY30: 7.7301679 | AZ30: 10.247584 | BA30: 8.0026455 | BB30: 10.693005 | BC30: 9.7480275 | BD30: 8.1389088 | BE30: 7.7087794 | BF30: 9.8607605 | BG30: 8.0497029 | BH30: 8.6178729 | BI30: 6.9483568 | BJ30: 6.7591764 | BK30: 7.7655678 | BL30: 8.6648642 | BM30: 8.3940397 | BN30: 8.8888889 | BO30: 6.2681486 | BP30: 7.2088725 | BQ30: 7.7317899 | BR30: 5.6758775 | BS30: 5.952024 | BT30: 6.4156659 | BU30: 8.3713442 | BV30: 5.9728633 | BW30: 8.3911069 | BX30: 9.9149311 | BY30: 9.1901729 | BZ30: 10.868429 | CA30: 7.4870368 | CB30: 8.6172566 | CC30: 6.2075655 | CD30: 6.741573 | CE30: 6.738152 | CF30: 7.6433121 | CG30: 7.4563531
A31: 30 | B31: 사업1 | C31: 협력2 | D31: 도크 | E31: 34767 | F31: 44742 | G31: 정규 | H31: 경영악화 | J31: 14.448358 | K31: 13.526951 | L31: 14.521796 | M31: 12.438895 | N31: 11.253336 | O31: 8.6240062 | P31: 10.197316 | Q31: 9.5044679 | R31: 9.361027 | S31: 5.7291257 | T31: 7.6728059 | U31: 7.337884 | V31: 8.0353456 | W31: 7.9480684 | X31: 5.2448313 | Y31: 11.568849 | Z31: 7.0876687 | AA31: 13.846881 | AB31: 4.5178896 | AC31: 3.1479218 | AD31: 2.9151371 | AE31: 1.4667817 | AF31: 3.1317829 | AG31: 1.7734347 | AH31: 1.58663 | AI31: 2.9551798 | AJ31: 2.6880839 | AK31: 4.5236123 | AL31: 3.8306064 | AM31: 8.2393112 | AN31: 10.202091 | AO31: 10.906785 | AP31: 11.386672 | AQ31: 6.3256893 | AR31: 9.399684 | AS31: 5.3936032 | AT31: 7.6556652 | AU31: 11.031372 | AV31: 6.4231838 | AW31: 6.2525923 | AX31: 9.9345747 | AY31: 7.7692445 | AZ31: 11.108518 | BA31: 7.6440017 | BB31: 8.8627589 | BC31: 7.8405535 | BD31: 8.7192195 | BE31: 10.854414 | BF31: 11.927588 | BG31: 9.6518226 | BH31: 7.4292172 | BI31: 9.0509301 | BJ31: 7.6097396 | BK31: 8.1735678 | BL31: 8.9808559 | BM31: 4.2906508 | BN31: 7.6783774 | BO31: 8.073287 | BP31: 8.3083271 | BQ31: 8.2888049 | BR31: 7.1888573 | BS31: 6.4481268 | BT31: 6.57665 | BU31: 7.4522914 | BV31: 6.1267258 | BW31: 7.5829384 | BX31: 11.124276 | BY31: 8.1581713 | BZ31: 8.7227414 | CA31: 6.3901779 | CB31: 6.2325905 | CC31: 6.3269559 | CD31: 6.2547425 | CE31: 6.00618 | CF31: 6.4542652 | CG31: 4.6387371 | CH31: 8.4266845
A32: 31 | B32: 사업1 | C32: 협력2 | D32: 지원 | E32: 41640 | F32: 44799 | G32: 정규 | H32: 경영악화 | J32: 11.468301 | K32: 11.972881 | L32: 12.100541 | M32: 11.395819 | N32: 9.4495917 | O32: 9.7102343 | P32: 12.833676 | Q32: 11.546729 | R32: 10.680383 | S32: 9.4273064 | T32: 9.3079418 | U32: 8.5110531 | V32: 9.336272 | W32: 10.123643 | X32: 10.399826 | Y32: 10.453043 | Z32: 11.029594 | AA32: 11.121014 | AB32: 12.991525 | AC32: 8.8184036 | AD32: 6.8933395 | AE32: 6.8863109 | AF32: 7.9801489 | AG32: 5.3365854 | AH32: 4.7073208 | AI32: 5.5374593 | AJ32: 5.8898521 | AK32: 5.1385526 | AL32: 6.7668173 | AM32: 9.0462593 | AN32: 9.1922696 | AO32: 10.439457 | AP32: 5.6977453 | AQ32: 6.2992126 | AR32: 6.7154323 | AS32: 5.8232338 | AT32: 6.2483311 | AU32: 8.5771628 | AV32: 8.3474337 | AW32: 8.1370265 | AX32: 10.017044 | AY32: 7.7810388 | AZ32: 11.238025 | BA32: 7.5768668 | BB32: 6.1263387 | BC32: 6.741573 | BD32: 6.2293658 | BE32: 4.5435244 | BF32: 8.3212077 | BG32: 7.1094481 | BH32: 6.2938354 | BI32: 7.544364 | BJ32: 7.2262843 | BK32: 7.4308038 | BL32: 10.151869 | BM32: 7.8293289 | BN32: 9.6815388 | BO32: 6.2242843 | BP32: 5.9462723 | BQ32: 6.6364152 | BR32: 5.2212829 | BS32: 4.9065688 | BT32: 5.5987757 | BU32: 6.1938202 | BV32: 5.9748797 | BW32: 6.5169699 | BX32: 8.8729815 | BY32: 7.1153846 | BZ32: 8.9425753 | CA32: 5.6339788 | CB32: 5.6053068 | CC32: 7.7538248 | CD32: 6.9185323 | CE32: 7.5057559 | CF32: 4.2019974 | CG32: 7.7964924 | CH32: 7.7340004 | CI32: 5.9322034
A33: 32 | B33: 사업1 | C33: 협력1 | D33: 외장1 | E33: 40007 | F33: 44926 | G33: 정규 | H33: 경영악화 | J33: 7.3419566 | K33: 8.3940102 | L33: 9.8807729 | M33: 10.238708 | N33: 9.3774395 | O33: 8.8590741 | P33: 10.30866 | Q33: 11.72684 | R33: 8.8098016 | S33: 8.0894158 | T33: 7.6102327 | U33: 6.3523649 | V33: 6.9510011 | W33: 7.5518415 | X33: 8.9004385 | Y33: 8.5759494 | Z33: 5.9190556 | AA33: 7.7501105 | AB33: 10.302426 | AC33: 6.2160176 | AD33: 6.9931479 | AE33: 4.2007435 | AF33: 4.0863858 | AG33: 5.2913969 | AH33: 7.5156193 | AI33: 8.954763 | AJ33: 5.1061008 | AK33: 7.6630683 | AL33: 8.6864407 | AM33: 8.9193303 | AN33: 6.7098565 | AO33: 9.3497428 | AP33: 7.5581395 | AQ33: 5.6867733 | AR33: 7.0746528 | AS33: 6.3270699 | AT33: 8.0942113 | AU33: 7.1660232 | AV33: 3.4657382 | AW33: 5.1299707 | AX33: 7.0040408 | AY33: 6.1668336 | AZ33: 9.5084456 | BA33: 5.1032807 | BB33: 8.8581929 | BC33: 7.0283085 | BD33: 6.8993728 | BE33: 7.0897872 | BF33: 7.8431373 | BG33: 7.4088098 | BH33: 7.1949244 | BI33: 6.63387 | BJ33: 5.8895706 | BK33: 7.2742086 | BL33: 9.913259 | BM33: 6.8827479 | BN33: 6.6806182 | BO33: 2.8989751 | BP33: 1.111464 | BQ33: 3.2289003 | BR33: 2.9619805 | BS33: 3.2861897 | BT33: 2.723029 | BU33: 5.8199913 | BV33: 6.8855639 | BW33: 7.0124178 | BX33: 8.4534615 | BY33: 5.8991891 | BZ33: 8.3393346 | CA33: 6.6425272 | CB33: 5.2779337 | CC33: 6.0433295 | CD33: 5.9270813 | CE33: 7.1856287 | CF33: 5.6554793 | CG33: 7.8534031 | CH33: 8.7154225 | CI33: 8.3755274 | CJ33: 8.8170693 | CK33: 5.3734062 | CL33: 8.5841957 | CM33: 4.7209245 | CN33: 7.2389337
A34: 33 | B34: 사업1 | C34: 협력1 | D34: 외장1 | E34: 39539 | F34: 45046 | G34: 정규 | H34: 경영악화 | J34: 9.9447514 | K34: 10.099054 | L34: 11.123502 | M34: 11.237553 | N34: 9.9952629 | O34: 10.957643 | P34: 12.31003 | Q34: 11.094512 | R34: 9.8548399 | S34: 10.01018 | T34: 11.089786 | U34: 10.542414 | V34: 10.59952 | W34: 8.8073842 | X34: 10.160743 | Y34: 10.056238 | Z34: 10.628434 | AA34: 9.8497796 | AB34: 10.921434 | AC34: 9.4633969 | AD34: 10.46022 | AE34: 8.8101408 | AF34: 8.155054 | AG34: 6.7435869 | AH34: 5.7074093 | AI34: 5.7651354 | AJ34: 7.5757576 | AK34: 6.3030101 | AL34: 7.7107198 | AM34: 8.5686932 | AN34: 7.0939335 | AO34: 8.2234432 | AP34: 8.7301587 | AQ34: 7.8982068 | AR34: 8.9315653 | AS34: 7.9444812 | AT34: 8.4289983 | AU34: 9.4344344 | AV34: 7.9336019 | AW34: 8.1342145 | AX34: 9.5738943 | AY34: 8.1510272 | AZ34: 10.594688 | BA34: 5.6518572 | BB34: 9.4018259 | BC34: 9.2525442 | BD34: 9.4862088 | BE34: 8.5423014 | BF34: 9.671653 | BG34: 8.9374306 | BH34: 9.8054679 | BI34: 9.7089412 | BJ34: 8.782478 | BK34: 8.4898078 | BL34: 9.1420684 | BM34: 9.3309999 | BN34: 10.10514 | BO34: 7.4157506 | BP34: 6.5625618 | BQ34: 6.1003359 | BR34: 7.0430225 | BS34: 6.7569696 | BT34: 5.7835161 | BU34: 5.6539808 | BV34: 5.1171945 | BW34: 6.5555744 | BX34: 6.7312022 | BY34: 6.1091471 | BZ34: 9.2619293 | CA34: 5.9554635 | CB34: 5.448236 | CC34: 6.1819851 | CD34: 6.7817321 | CE34: 7.2611271 | CF34: 5.2859351 | CG34: 5.3445429 | CH34: 7.4709825 | CI34: 7.1561338 | CJ34: 8.1761006 | CK34: 6.1827467 | CL34: 8.9391751 | CM34: 6.4205219 | CN34: 6.3560732 | CO34: 7.3631003 | CP34: 6.0319338 | CQ34: 7.2150072 | CR34: 6.5370484
A35: 34 | B35: 사업1 | C35: 협력3 | D35: 외장4 | E35: 40422 | F35: 45046 | G35: 정규 | H35: 경영악화 | J35: 6.9359445 | K35: 6.9140242 | L35: 8.7974325 | M35: 7.6541096 | N35: 7.7107711 | O35: 7.5558275 | P35: 7.2131148 | Q35: 8.1608415 | R35: 7.7600607 | S35: 7.5152336 | T35: 8.9866604 | U35: 9.3120293 | V35: 9.2815759 | W35: 9.0625859 | X35: 9.9428181 | Y35: 10.91352 | Z35: 9.5366622 | AA35: 9.4628965 | AB35: 9.0804598 | AC35: 6.3640104 | AD35: 4.3672224 | AE35: 2.4109896 | AF35: 3.6543771 | AG35: 3.4375 | AH35: 3.9143449 | AI35: 7.4377867 | AJ35: 6.3898663 | AK35: 6.6127168 | AL35: 7.4277168 | AM35: 7.6304298 | AN35: 7.5974026 | AO35: 9.6611834 | AP35: 8.8751169 | AQ35: 6.3746359 | AR35: 7.1584823 | AS35: 6.9036052 | AT35: 7.3585354 | AU35: 9.6047347 | AV35: 7.936263 | AW35: 7.3971812 | AX35: 10.517473 | AY35: 4.3849284 | AZ35: 8.6587901 | BA35: 7.4118959 | BB35: 8.7580204 | BC35: 8.0695142 | BD35: 9.0068572 | BE35: 7.3610993 | BF35: 7.586979 | BG35: 7.1466514 | BH35: 6.1395137 | BI35: 7.9679595 | BJ35: 6.7364776 | BK35: 6.5856883 | BL35: 9.8803278 | BM35: 7.1473387 | BN35: 7.7161467 | BO35: 5.6638374 | BP35: 5.1224209 | BQ35: 3.980537 | BR35: 6.5814661 | BS35: 7.8238795 | BT35: 7.6572651 | BU35: 8.9389211 | BV35: 7.5847124 | BW35: 9.1740543 | BX35: 8.6084218 | BY35: 6.8371255 | BZ35: 10.248099 | CA35: 6.6201686 | CB35: 5.6181796 | CC35: 6.80069 | CD35: 7.2101449 | CE35: 7.4817176 | CF35: 6.968183 | CG35: 5.7364455 | CH35: 6.906138 | CI35: 6.8348955 | CJ35: 4.4404409 | CK35: 5.0138989 | CL35: 6.6551662 | CM35: 6.3932261 | CN35: 7.2268778 | CO35: 8.1304771 | CP35: 7.248075 | CQ35: 8.7241553 | CR35: 9.0479937
A36: 35 | B36: 사업1 | C36: 협력2 | D36: 도크 | E36: 39251 | F36: 45169 | G36: 정규 | H36: 경영악화 | J36: 10.532972 | K36: 9.7912074 | L36: 11.524781 | M36: 10.229377 | N36: 10.699478 | O36: 8.1957279 | P36: 13.388018 | Q36: 10.301395 | R36: 9.4280241 | S36: 10.802224 | T36: 9.7233571 | U36: 9.2154255 | V36: 8.5966298 | W36: 9.6126083 | X36: 9.9555788 | Y36: 11.690434 | Z36: 11.651469 | AA36: 10.908851 | AB36: 14.592602 | AC36: 9.0960372 | AD36: 2.1393841 | AE36: 3.6970567 | AF36: 5.1720359 | AG36: 1.1479259 | AH36: 1.3836478 | AI36: 1.4973262 | AJ36: 4.4983416 | AK36: 8.4470094 | AL36: 9.3187553 | AM36: 9.0492904 | AN36: 8.9303048 | AO36: 11.19905 | AP36: 9.2793031 | AQ36: 8.4996478 | AR36: 9.4117647 | AS36: 7.6382792 | AT36: 9.2539563 | AU36: 9.1820152 | AV36: 7.9113924 | AW36: 7.8821553 | AX36: 10.723282 | AY36: 9.067142 | AZ36: 10.425673 | BA36: 7.8234144 | BB36: 9.0135483 | BC36: 8.3715013 | BD36: 7.6218653 | BE36: 7.8125 | BF36: 9.8325099 | BG36: 7.0528292 | BH36: 8.7237258 | BI36: 7.8146506 | BJ36: 8.5933504 | BK36: 8.2028241 | BL36: 9.0501959 | BM36: 7.9395325 | BN36: 7.9583273 | BO36: 0.99428287 | BP36: 6.7485898 | BQ36: 7.2694155 | BR36: 6.6906748 | BS36: 7.6415094 | BT36: 5.0385208 | BU36: 8.3146738 | BV36: 6.3285652 | BW36: 7.5502008 | BX36: 10.178073 | BY36: 9.1155492 | BZ36: 10.376791 | CA36: 7.7979993 | CB36: 6.7759262 | CC36: 7.8685111 | CD36: 7.7634011 | CE36: 7.7761972 | CF36: 5.2681269 | CG36: 6.0917301 | CH36: 8.8819054 | CI36: 7.128268 | CJ36: 9.4872918 | CK36: 6.6652649 | CL36: 9.1954023 | CM36: 6.5317714 | CN36: 7.74 | CO36: 8.804392 | CP36: 6.5652174 | CQ36: 8.2343467 | CR36: 9.7112861 | CS36: 8.4962756 | CT36: 9.5056227 | CU36: 9.7289347 | CV36: 11.420912
A37: 36 | B37: 사업1 | C37: 협력2 | D37: 도크 | E37: 39524 | F37: 45196 | G37: 정규 | H37: 경영악화 | J37: 11.416702 | K37: 10.482163 | L37: 12.048702 | M37: 12.738745 | N37: 12.150886 | O37: 10.619034 | P37: 14.085335 | Q37: 11.52082 | R37: 10.719924 | S37: 10.21693 | T37: 10.912492 | U37: 11.088678 | V37: 11.707281 | W37: 11.564898 | X37: 12.689466 | Y37: 12.827869 | Z37: 12.160394 | AA37: 12.851566 | AB37: 14.763203 | AC37: 10.950283 | AD37: 9.1242149 | AE37: 7.316129 | AF37: 5.8871964 | AG37: 0.66755674 | AH37: 0.61934254 | AI37: 3.9841325 | AJ37: 5.3320605 | AK37: 6.0267567 | AL37: 7.9551698 | AM37: 9.5504212 | AN37: 9.1947942 | AO37: 9.6437951 | AP37: 8.7143386 | AQ37: 7.8038057 | AR37: 8.0194411 | AS37: 6.1356202 | AT37: 8.4717462 | AU37: 9.9137624 | AV37: 9.8049587 | AW37: 8.0911283 | AX37: 11.141154 | AY37: 9.3600391 | AZ37: 12.074392 | BA37: 8.082252 | BB37: 9.7679062 | BC37: 8.9220949 | BD37: 10.889014 | BE37: 9.7387405 | BF37: 10.524804 | BG37: 9.2380785 | BH37: 9.6505679 | BI37: 9.8598549 | BJ37: 7.9214195 | BK37: 7.9829855 | BL37: 10.108278 | BM37: 9.0101317 | BN37: 9.3534914 | BO37: 6.0242526 | BP37: 7.50057 | BQ37: 6.0195576 | BR37: 4.5023697 | BS37: 5.5921307 | BT37: 5.1336445 | BU37: 6.5846676 | BV37: 6.6863566 | BW37: 7.0179905 | BX37: 10.522561 | BY37: 9.8227925 | BZ37: 9.626705 | CA37: 7.9595908 | CB37: 7.031403 | CC37: 7.5323936 | CD37: 7.9222988 | CE37: 7.7990804 | CF37: 7.8793774 | CG37: 7.8341385 | CH37: 9.0371401 | CI37: 8.6409986 | CJ37: 9.978903 | CK37: 7.5704048 | CL37: 10.093993 | CM37: 6.7488214 | CN37: 8.4389923 | CO37: 8.3110196 | CP37: 7.2837022 | CQ37: 9.102349 | CR37: 10.098275 | CS37: 9.5016735 | CT37: 9.5953605 | CU37: 0 | CV37: 0
A38: 37 | B38: 사업1 | C38: 협력1 | D38: 내장3 | E38: 44683 | F38: 45322 | G38: 정규 | H38: 경영악화 | CG38: 7.7706408 | CH38: 8.9885859 | CI38: 8.0271859 | CJ38: 10.266857 | CK38: 6.7240344 | CL38: 9.0365682 | CM38: 6.8625726 | CN38: 5.7640232 | CO38: 6.4385503 | CP38: 7.5651497 | CQ38: 7.2212066 | CR38: 7.8514687 | CS38: 9.5038334 | CT38: 8.7481371 | CU38: 9.7037153 | CV38: 11.24208 | CW38: 8.5220421 | CX38: 10.134023 | CY38: 7.6403696 | CZ38: 9.0286793 | DA38: 6.076166
A39: 38 | B39: 사업1 | C39: 협력1 | D39: 외장1 | E39: 37271 | F39: 45382 | G39: 정규 | H39: 경영악화 | J39: 8.8841623 | K39: 10.428291 | L39: 11.347069 | M39: 10.53937 | N39: 6.5266794 | O39: 5.9920677 | P39: 10.639236 | Q39: 9.4259488 | R39: 8.209715 | S39: 7.2273911 | T39: 5.905897 | U39: 8.6339173 | V39: 9.6818811 | W39: 7.7608273 | X39: 8.6124402 | Y39: 9.9142317 | Z39: 8.7050985 | AA39: 9.3671341 | AB39: 6.9207061 | AC39: 3.9791667 | AD39: 1.1908137 | AE39: 2.8001534 | AF39: 0.85636434 | AG39: 0.45388526 | AH39: 0.88218554 | AI39: 2.8538283 | AJ39: 1.5326574 | AK39: 2.0677519 | AL39: 3.4960422 | AM39: 2.6497696 | AN39: 6.8603214 | AO39: 6.3870095 | AP39: 4.3568946 | AQ39: 3.0777122 | AR39: 2.75 | AS39: 4.5280612 | AT39: 7.2122319 | AU39: 8.2265484 | AV39: 7.2373541 | AW39: 6.8451353 | AX39: 9.6883639 | AY39: 7.4949014 | AZ39: 9.4399095 | BA39: 6.2181934 | BB39: 8.8310433 | BC39: 7.4065685 | BD39: 6.6381156 | BE39: 7.256338 | BF39: 8.4207342 | BG39: 7.2040498 | BH39: 5.4377443 | BI39: 6.7711764 | BJ39: 4.6168175 | BK39: 5.2249802 | BL39: 6.4743012 | BM39: 6.4511803 | BN39: 5.6659619 | BO39: 5.1870251 | BP39: 3.867713 | BQ39: 3.2470289 | BR39: 5.3308394 | BS39: 5.7244887 | BT39: 4.3696487 | BU39: 6.8566061 | BV39: 6.6982859 | BW39: 6.2574595 | BX39: 8.6148437 | BY39: 6.9173295 | BZ39: 7.8870692 | CA39: 4.5307443 | CB39: 4.8282363 | CC39: 5.2453256 | CD39: 5.2260294 | CE39: 5.5694228 | CF39: 6.0333992 | CG39: 6.5560027 | CH39: 7.4491279 | CI39: 6.7413597 | CJ39: 8.7979648 | CK39: 6.8551668 | CL39: 8.9390142 | CM39: 5.411851 | CN39: 5.1488953 | CO39: 6.1256648 | CP39: 6.0708263 | CQ39: 7.1075198 | CR39: 7.3998136 | CS39: 8.36062 | CT39: 7.7102577 | CU39: 8.3907213 | CV39: 8.8780308 | CW39: 7.2829132 | CX39: 8.8746034 | CY39: 6.8889048 | CZ39: 5.3179191 | DA39: 5.467119 | DB39: 5.3039232 | DC39: 5.5659574
A40: 39 | B40: 사업1 | C40: 협력1 | D40: 라인2 | E40: 43101 | F40: 45382 | G40: 정규 | H40: 경영악화 | AG40: 5.4386102 | AH40: 5.4223353 | AI40: 5.3653511 | AJ40: 2.9885057 | AK40: 2.9744701 | AL40: 3.4898977 | AM40: 4.8546315 | AN40: 5.6328392 | AO40: 4.812157 | AP40: 2.3619722 | AQ40: 4.3780257 | AR40: 6.3076923 | AS40: 4.0313853 | AT40: 4.85109 | AU40: 7.5865633 | AV40: 6.1119489 | AW40: 6.514743 | AX40: 7.9005574 | AY40: 5.3895952 | AZ40: 9.5747967 | BA40: 6.6146736 | BB40: 8.4737293 | BC40: 8.0240979 | BD40: 7.3296799 | BE40: 6.4589235 | BF40: 7.2743601 | BG40: 6.3128029 | BH40: 5.400534 | BI40: 6.4788339 | BJ40: 5.6535737 | BK40: 5.1148091 | BL40: 6.662522 | BM40: 5.6529726 | BN40: 4.6248271 | BO40: 4.3628581 | BP40: 3.6425989 | BQ40: 4.4515878 | BR40: 4.6808031 | BS40: 4.6104661 | BT40: 2.7064318 | BU40: 2.0258538 | BV40: 0.84166228 | BW40: 2.7532291 | BX40: 4.6908316 | BY40: 3.3062535 | BZ40: 5.0680432 | CA40: 3.410341 | CB40: 3.5749386 | CC40: 3.6686563 | CD40: 4.2739628 | CE40: 2.2849462 | CF40: 1.9263138 | CG40: 2.6530953 | CH40: 5.0818394 | CI40: 4.5350734 | CJ40: 6.1128242 | CK40: 3.1409019 | CL40: 5.1635112 | CM40: 3.0001402 | CN40: 3.3586498 | CO40: 4.8328425 | CP40: 5.8731156 | CQ40: 5.5367057 | CR40: 4.8413418 | CS40: 6.5131683 | CT40: 5.2748001 | CU40: 6.2858135 | CV40: 7.4160114 | CW40: 4.8871543 | CX40: 7.7101719 | CY40: 5.8724361 | CZ40: 7.5927922 | DA40: 6.2773085 | DB40: 6.7948509 | DC40: 6.8539154
A41: 40 | B41: 사업1 | C41: 협력2 | D41: 공장3 | E41: 43191 | F41: 45382 | G41: 정규 | H41: 경영악화 | AJ41: 5.7804251 | AK41: 7.159448 | AL41: 7.7637244 | AM41: 7.4502712 | AN41: 7.2442558 | AO41: 8.1773399 | AP41: 7.8816058 | AQ41: 6.7193281 | AR41: 8.4307808 | AS41: 7.4757366 | AT41: 7.8431373 | AU41: 9.3192944 | AV41: 7.8026187 | AW41: 7.1949092 | AX41: 9.4068488 | AY41: 8.9120069 | AZ41: 11.772651 | BA41: 7.7405428 | BB41: 7.3675646 | BC41: 6.7215237 | BD41: 7.0305882 | BE41: 6.2793949 | BF41: 7.8278299 | BG41: 6.8289176 | BH41: 5.0929865 | BI41: 4.8453608 | BJ41: 6.4686099 | BK41: 5.6645904 | BL41: 4.7228728 | BM41: 8.0521392 | BN41: 5.2500346 | BO41: 6.7939772 | BP41: 8.5185185 | BQ41: 3.9609728 | BR41: 4.8862829 | BS41: 5.8995179 | BT41: 4.4557097 | BU41: 6.6882734 | BV41: 6.8214457 | BW41: 6.7783505 | BX41: 7.6014637 | BY41: 3.7815126 | BZ41: 8.537529 | CA41: 6.1792097 | CB41: 5.6286101 | CC41: 6.9901421 | CD41: 7.8804348 | CE41: 7.9678888 | CF41: 7.516148 | CG41: 7.02067 | CH41: 8.7301587 | CI41: 8.1123245 | CJ41: 8.4581498 | CK41: 6.9227794 | CL41: 9.6685689 | CM41: 7.7445503 | CN41: 8.9824707 | CO41: 9.0283843 | CP41: 9.2937972 | CQ41: 9.6444944 | CR41: 8.875682 | CS41: 8.6597337 | CT41: 8.875681 | CU41: 8.5797819 | CV41: 9.0039318 | CW41: 8.0871671 | CX41: 11.190015 | CY41: 8.197594 | CZ41: 8.4399551 | DA41: 6.6999206 | DB41: 6.6950619 | DC41: 6.8088837
A42: 41 | B42: 사업1 | C42: 협력2 | D42: 공장3 | E42: 42345 | F42: 45412 | G42: 정규 | H42: 경영악화 | J42: 10.056772 | K42: 8.765921 | L42: 9.025916 | M42: 10.315763 | N42: 10.997596 | O42: 10.017055 | P42: 9.3656493 | Q42: 9.9505999 | R42: 12.117605 | S42: 9.4742607 | T42: 10.700802 | U42: 8.5403475 | V42: 7.6119109 | W42: 8.3155999 | X42: 12.404328 | Y42: 9.8159509 | Z42: 9.5058626 | AA42: 8.2989606 | AB42: 7.6631767 | AC42: 7.983801 | AD42: 7.2403881 | AE42: 6.5021231 | AF42: 8.2083118 | AG42: 7.7942434 | AH42: 8.4422658 | AI42: 9.5462795 | AJ42: 8.8509698 | AK42: 8.4815321 | AL42: 9.1409532 | AM42: 8.1311196 | AN42: 7.4468085 | AO42: 7.4784792 | AP42: 8.9368259 | AQ42: 9.695034 | AR42: 9.3183779 | AS42: 8.8214475 | AT42: 8.3448807 | AU42: 8.2645765 | AV42: 5.7772816 | AW42: 5.366647 | AX42: 8.24434 | AY42: 6.8099493 | AZ42: 11.6045 | BA42: 7.913564 | BB42: 8.0699049 | BC42: 5.0754661 | BD42: 8.1977712 | BE42: 5.4746447 | BF42: 5.7904412 | BG42: 4.5441262 | BH42: 2.5889398 | BI42: 3.1912897 | BJ42: 4.083964 | BK42: 5.6601307 | BL42: 7.0691548 | BM42: 8.6986586 | BN42: 6.1813673 | BO42: 2.14 | BP42: 5.4237911 | BQ42: 4.3109801 | BR42: 5.1593323 | BS42: 5.5135317 | BT42: 2.0564042 | BU42: 5.9291683 | BV42: 5.5857254 | BW42: 3.5217586 | BX42: 4.7402782 | BY42: 2.1834061 | BZ42: 6.0697674 | CA42: 4.8886139 | CB42: 5.3038883 | CC42: 4.978903 | CD42: 7.7269655 | CE42: 9.0539542 | CF42: 7.0469799 | CG42: 7.3968197 | CH42: 8.4472485 | CI42: 7.3901713 | CJ42: 8.1444759 | CK42: 5.0629958 | CL42: 10.138838 | CM42: 6.692607 | CN42: 9.0451389 | CO42: 9.8396624 | CP42: 9.2371656 | CQ42: 8.7906904 | CR42: 8.6956522 | CS42: 9.1732046 | CT42: 8.0593541 | CU42: 8.8562597 | CV42: 10.118372 | CW42: 9.2197371 | CX42: 10.751083 | CY42: 7.1358198 | CZ42: 6.9570768 | DA42: 6.1360976 | DB42: 6.5458385 | DC42: 6.2935873 | DD42: 5.2893149
A43: 42 | B43: 사업2 | C43: 협력2 | D43: 지원 | E43: 37271 | F43: 45473 | G43: 정규 | H43: 경영악화 | AG43: 5.0537926 | AH43: 5.7994758 | AI43: 8.7803856 | AJ43: 9.2888942 | AK43: 11.028609 | AL43: 5.1668618 | AM43: 11.166253 | AN43: 7.5414997 | AO43: 6.5847923 | AP43: 6.4308682 | AQ43: 3.615593 | AR43: 0.24144869 | AS43: 0.16327742 | AT43: 3.9941101 | AU43: 8.5845097 | AV43: 7.7048607 | AW43: 7.1352644 | AX43: 11.350236 | AY43: 9.0637763 | AZ43: 13.518283 | BA43: 7.5214373 | BB43: 9.6917828 | BC43: 8.2653972 | BD43: 9.1419219 | BE43: 9.304184 | BF43: 11.078294 | BG43: 7.8227069 | BH43: 4.4863921 | BI43: 4.5696325 | BJ43: 3.7626263 | BK43: 5.1199743 | BL43: 9.987166 | BM43: 8.3058497 | BN43: 8.9276508 | BO43: 4.8626745 | BP43: 1.3181161 | BQ43: 1.0734653 | BR43: 2.6426528 | BS43: 4.9640876 | BT43: 7.4471393 | BU43: 10.222504 | BV43: 7.7248271 | BW43: 8.4972463 | BX43: 11.236259 | BY43: 8.2350871 | BZ43: 9.2399151 | CA43: 0.27763088 | CB43: 2.3802777 | CC43: 6.4305685 | CD43: 6.7902882 | CE43: 7.3628553 | CF43: 5.5718475 | CG43: 7.8680546 | CH43: 8.0360013 | CI43: 6.4341761 | CJ43: 9.9863899 | CK43: 6.3805271 | CL43: 8.1559173 | CM43: 1.4894558 | CN43: 5.2216999 | CO43: 3.5023665 | CP43: 2.0115818 | CQ43: 7.8963304 | CR43: 4.7552448 | CS43: 6.3934426 | CT43: 5.982906 | CU43: 7.9747335 | CV43: 9.3986706 | CW43: 7.6371992 | CX43: 8.9957667 | CY43: 4.7452753 | CZ43: 7.0633153 | DA43: 6.0878049 | DB43: 6.2194194 | DC43: 9.0118806 | DD43: 7.7614693 | DE43: 8.5741038 | DF43: 9.2915378
A44: 43 | B44: 사업2 | C44: 협력2 | D44: 도크 | E44: 42278 | F44: 45534 | G44: 정규 | H44: 경영악화 | J44: 12.026284 | K44: 11.984201 | L44: 11.89149 | M44: 11.986763 | N44: 9.9057992 | O44: 5.4206972 | P44: 10.190194 | Q44: 9.5614666 | R44: 9.3776401 | S44: 9.2289157 | T44: 9.4906862 | U44: 10.514824 | V44: 9.9835255 | W44: 8.364094 | X44: 9.0873016 | Y44: 9.8495822 | Z44: 10.104355 | AA44: 6.3198459 | AB44: 10.842491 | AC44: 10.263814 | AD44: 4.0745856 | AE44: 5.950096 | AF44: 10.136392 | AG44: 8.3510378 | AH44: 7.993304 | AI44: 7.8770609 | AJ44: 6.718241 | AK44: 6.9452857 | AL44: 5.3780203 | AM44: 5.525125 | AN44: 7.7934272 | AO44: 7.4193548 | AP44: 5.785316 | AQ44: 6.6373534 | AR44: 7.0292092 | AS44: 6.7205854 | AT44: 5.4624457 | AU44: 6.9179601 | AV44: 6.2449311 | AW44: 6.9632925 | AX44: 11.60221 | AY44: 9.7346215 | AZ44: 13.088754 | BA44: 6.2430817 | BB44: 6.9234007 | BC44: 5.5672069 | BD44: 8.188348 | BE44: 7.9356568 | BF44: 6.7809821 | BG44: 6.1203844 | BH44: 2.1691014 | BI44: 5.3216651 | BJ44: 5.2172015 | BK44: 7.3557509 | BL44: 6.254093 | BM44: 6.658716 | BN44: 5.9149723 | BO44: 8.0135331 | BP44: 8.2237172 | BQ44: 8.0634124 | BR44: 6.4350453 | BS44: 5.1108479 | BT44: 5.2979182 | BU44: 7.3217726 | BV44: 5.5888908 | BW44: 6.9178196 | BX44: 7.5086059 | BY44: 8.0326753 | BZ44: 8.9768761 | CA44: 5.7553957 | CB44: 5.3157709 | CC44: 4.2247659 | CD44: 4.4519016 | CE44: 6.7359195 | CF44: 6.4450369 | CG44: 6.7798932 | CH44: 7.1875559 | CI44: 8.5027153 | CJ44: 10.362967 | CK44: 6.2479339 | CL44: 9.4676961 | CM44: 5.7066741 | CN44: 7.5562905 | CO44: 6.8653618 | CP44: 5.3254438 | CQ44: 8.4868505 | CR44: 8.2854194 | CS44: 8.2709892 | CT44: 9.5483061 | CU44: 10.705713 | CV44: 12.681445 | CW44: 8.4511402 | CX44: 8.3812209 | CY44: 7.8473793 | CZ44: 9.2875571 | DA44: 7.4531422 | DB44: 7.7896402 | DC44: 10.596087 | DD44: 9.1217227 | DE44: 9.8350534 | DF44: 8.1355517 | DG44: 5.4351818 | DH44: 8.7016575
A45: 44 | B45: 사업1 | C45: 협력2 | D45: 공장3 | E45: 43466 | F45: 45565 | G45: 정규 | H45: 경영악화 | AS45: 10.113599 | AT45: 9.4336978 | AU45: 8.7164399 | AV45: 6.184669 | AW45: 6.1337554 | AX45: 7.3275862 | AY45: 7.935986 | AZ45: 11.910602 | BA45: 8.396848 | BB45: 5.8647594 | BC45: 4.6505113 | BD45: 8.0340265 | BE45: 6.137679 | BF45: 6.8659128 | BG45: 4.5178692 | BH45: 2.2285108 | BI45: 3.1487312 | BJ45: 4.6274738 | BK45: 6.9557244 | BL45: 9.5757825 | BM45: 8.7361306 | BN45: 5.6117455 | BO45: 2.4290747 | BP45: 3.6896365 | BQ45: 2.9871692 | BR45: 3.2631335 | BS45: 4.6020112 | BT45: 2.86712 | BU45: 6.8903963 | BV45: 5.943331 | BW45: 3.5282051 | BX45: 4.9262381 | BY45: 4.6106068 | BZ45: 7.6070336 | CA45: 7.3945878 | CB45: 7.0653811 | CC45: 7.7367206 | CD45: 9.1119829 | CE45: 8.6343203 | CF45: 7.6122931 | CG45: 8.5797013 | CH45: 9.7704715 | CI45: 9.0840158 | CJ45: 9.8578717 | CK45: 7.2045094 | CL45: 10.650242 | CM45: 6.1613217 | CN45: 9.2263507 | CO45: 9.8453608 | CP45: 9.8501071 | CQ45: 10.349398 | CR45: 10.957039 | CS45: 9.7982329 | CT45: 8.3679764 | CU45: 10.446943 | CV45: 10.251363 | CW45: 9.4619404 | CX45: 11.23291 | CY45: 8.2713755 | CZ45: 7.7412696 | DA45: 6.4532101 | DB45: 6.4841225 | DC45: 5.7966158 | DD45: 6.8322981 | DE45: 6.7353765 | DF45: 6.4126394 | DG45: 6.3193725 | DH45: 10.89827 | DI45: 7.7780028
A46: 45 | B46: 사업1 | C46: 협력2 | D46: 지원 | E46: 34790 | F46: - | G46: 정규 | H46: 거래중 | J46: 10.69501 | K46: 10.810811 | L46: 11.624811 | M46: 10.254056 | N46: 9.0136571 | O46: 8.6277819 | P46: 9.8756401 | Q46: 10.045081 | R46: 9.2006033 | S46: 6.4760592 | T46: 10.283385 | U46: 10.200425 | V46: 5.5844606 | W46: 4.4403792 | X46: 6.9444444 | Y46: 8.4638861 | Z46: 7.917124 | AA46: 0.97502973 | AB46: 1.9588953 | AC46: 8.3859183 | AD46: 5.2445492 | AE46: 5.6609114 | AF46: 6.6213314 | AG46: 8.9727568 | AH46: 7.2107765 | AI46: 1.9656898 | AJ46: 1.2126866 | AK46: 0 | AL46: 5.579156 | AM46: 10.435057 | AN46: 7.5378267 | AO46: 7.2829884 | AP46: 9.0269401 | AQ46: 9.7756098 | AR46: 10.678418 | AS46: 7.6923077 | AT46: 7.9618727 | AU46: 7.7207312 | AV46: 5.8285074 | AW46: 5.9855722 | AX46: 8.4029817 | AY46: 7.9592607 | AZ46: 9.925622 | BA46: 7.6886792 | BB46: 8.9123058 | BC46: 6.71797 | BD46: 8.3716715 | BE46: 7.0170063 | BF46: 8.3793243 | BG46: 5.8487973 | BH46: 7.6004775 | BI46: 8.1485227 | BJ46: 7.4931971 | BK46: 8.465152 | BL46: 12.044882 | BM46: 7.0010449 | BN46: 7.9068342 | BO46: 6.6237699 | BP46: 6.3698564 | BQ46: 6.1598169 | BR46: 5.04822 | BS46: 6.0766305 | BT46: 4.598173 | BU46: 8.1047522 | BV46: 8.7568103 | BW46: 8.2455053 | BX46: 11.977008 | BY46: 6.3842394 | BZ46: 7.7684887 | CA46: 6.8125423 | CB46: 5.6888204 | CC46: 5.8177688 | CD46: 4.5363908 | CE46: 6.4580088 | CF46: 7.303989 | CG46: 7.6611815 | CH46: 6.420331 | CI46: 8.1768813 | CJ46: 10.086557 | CK46: 5.0009159 | CL46: 7.7448416 | CM46: 5.0548589 | CN46: 5.6439942 | CO46: 3.6440084 | CP46: 6.0489857 | CQ46: 6.9625958 | CR46: 5.6466052 | CS46: 6.6940277 | CT46: 6.7470532 | CU46: 8.685278 | CV46: 10.004753 | CW46: 8.3544818 | CX46: 10.374618 | CY46: 5.6538378 | CZ46: 8.1151035 | DA46: 6.3189569 | DB46: 7.8304412 | DC46: 9.7762451 | DD46: 8.1132231 | DE46: 8.9544153 | DF46: 9.3007047 | DG46: 6.8598758 | DH46: 13.140422 | DI46: 11.368181 | DJ46: 9.7372263
A47: 46 | B47: 사업1 | C47: 협력2 | D47: 공장3 | E47: 36990 | F47: - | G47: 정규 | H47: 거래중 | J47: 9.318759 | K47: 8.6952812 | L47: 7.564685 | M47: 9.5514561 | N47: 8.4710744 | O47: 9.2534599 | P47: 9.039775 | Q47: 9.3480777 | R47: 8.1548199 | S47: 7.5177458 | T47: 8.3306769 | U47: 7.8593444 | V47: 7.803916 | W47: 9.0636704 | X47: 7.6039491 | Y47: 8.0737705 | Z47: 8.6910346 | AA47: 7.7590141 | AB47: 7.6811243 | AC47: 4.4646606 | AD47: 5.7949257 | AE47: 4.7820926 | AF47: 7.6662909 | AG47: 7.9199892 | AH47: 8.8842042 | AI47: 10.576819 | AJ47: 9.4745817 | AK47: 10.687494 | AL47: 9.3487277 | AM47: 9.3003413 | AN47: 10.59745 | AO47: 10.316465 | AP47: 11.226976 | AQ47: 9.784206 | AR47: 9.8387602 | AS47: 9.3028905 | AT47: 9.4774072 | AU47: 11.332202 | AV47: 9.5795018 | AW47: 8.4020275 | AX47: 10.580659 | AY47: 9.5715546 | AZ47: 10.50537 | BA47: 9.0771722 | BB47: 9.9071348 | BC47: 9.6111744 | BD47: 10.743975 | BE47: 10.048346 | BF47: 9.6595803 | BG47: 9.4392726 | BH47: 9.541384 | BI47: 8.9667525 | BJ47: 9.319182 | BK47: 8.5955222 | BL47: 10.133482 | BM47: 9.1301078 | BN47: 8.3104396 | BO47: 8.0961835 | BP47: 9.2259068 | BQ47: 9.0863804 | BR47: 8.1641312 | BS47: 7.9260741 | BT47: 6.0659661 | BU47: 6.1729176 | BV47: 5.6216098 | BW47: 7.1417074 | BX47: 8.2682778 | BY47: 8.2079258 | BZ47: 8.4808469 | CA47: 6.4983165 | CB47: 6.0182173 | CC47: 6.7824577 | CD47: 6.063203 | CE47: 7.7479339 | CF47: 4.4741429 | CG47: 5.3166239 | CH47: 6.3137632 | CI47: 7.1849705 | CJ47: 9.6372009 | CK47: 6.996011 | CL47: 9.2383247 | CM47: 6.6067457 | CN47: 7.7037174 | CO47: 7.7157052 | CP47: 8.2020641 | CQ47: 7.8923767 | CR47: 7.6721197 | CS47: 7.421875 | CT47: 8.2542539 | CU47: 8.9019279 | CV47: 8.4390293 | CW47: 7.9298127 | CX47: 8.2941463 | CY47: 6.7213876 | CZ47: 7.9331942 | DA47: 6.9471785 | DB47: 5.6155508 | DC47: 5.9655485 | DD47: 7.057096 | DE47: 7.2490365 | DF47: 7.1889889 | DG47: 6.7061728 | DH47: 9.9482148 | DI47: 9.9612685 | DJ47: 9.2312144
A48: 47 | B48: 사업2 | C48: 협력3 | D48: 외장2 | E48: 37168 | F48: - | G48: 정규 | H48: 거래중 | J48: 9.895395 | K48: 9.5723655 | L48: 10.741192 | M48: 11.338312 | N48: 10.360205 | O48: 8.6591807 | P48: 12.075401 | Q48: 11.259876 | R48: 11.581248 | S48: 10.431503 | T48: 10.592523 | U48: 10.980658 | V48: 11.831769 | W48: 11.265353 | X48: 11.427304 | Y48: 9.466951 | Z48: 10.073747 | AA48: 11.295961 | AB48: 12.145596 | AC48: 10.405275 | AD48: 9.78016 | AE48: 7.3220788 | AF48: 9.2241688 | AG48: 7.652352 | AH48: 6.3255336 | AI48: 1.5846186 | AJ48: 0.88792092 | AK48: 1.5595217 | AL48: 5.0272665 | AM48: 3.3090909 | AN48: 5.4403567 | AO48: 6.0150376 | AP48: 5.3597065 | AQ48: 6.1003421 | AR48: 8.4497008 | AS48: 8.8866865 | AT48: 8.1139983 | AU48: 9.1432839 | AV48: 8.3229504 | AW48: 9.0520134 | AX48: 9.9469739 | AY48: 8.1093464 | AZ48: 12.49555 | BA48: 5.9147425 | BB48: 10.511237 | BC48: 10.629683 | BD48: 10.486597 | BE48: 8.9234702 | BF48: 8.970532 | BG48: 7.1337484 | BH48: 9.1145833 | BI48: 9.2105263 | BJ48: 8.8773599 | BK48: 6.3785733 | BL48: 10.498755 | BM48: 9.8074759 | BN48: 11.383448 | BO48: 9.6508244 | BP48: 9.3421259 | BQ48: 8.0928518 | BR48: 7.1850879 | BS48: 7.0455513 | BT48: 5.7563298 | BU48: 8.7175573 | BV48: 8.4626029 | BW48: 6.8018798 | BX48: 10.270217 | BY48: 9.977639 | BZ48: 9.8150297 | CA48: 3.0214523 | CB48: 3.7547529 | CC48: 6.5181712 | CD48: 6.4669843 | CE48: 7.3653707 | CF48: 5.2260792 | CG48: 6.3611491 | CH48: 8.7135892 | CI48: 7.4530218 | CJ48: 9.2244418 | CK48: 5.8693245 | CL48: 8.5657371 | CM48: 5.7718815 | CN48: 6.0213941 | CO48: 5.4421769 | CP48: 3.3059507 | CQ48: 7.549086 | CR48: 6.7805853 | CS48: 7.0709066 | CT48: 6.6001015 | CU48: 8.8599555 | CV48: 10.716712 | CW48: 8.7126138 | CX48: 9.9604623 | CY48: 8.088876 | CZ48: 9.6436694 | DA48: 6.9351578 | DB48: 8.1642833 | DC48: 9.8475967 | DD48: 9.5721537 | DE48: 9.8399247 | DF48: 8.3705064 | DG48: 5.3721862 | DH48: 11.428571 | DI48: 9.3900709 | DJ48: 7.2536899
A49: 48 | B49: 사업1 | C49: 협력3 | D49: 외장3 | E49: 37469 | F49: - | G49: 정규 | H49: 거래중 | J49: 11.842105 | K49: 11.639213 | L49: 14.921277 | M49: 14.723503 | N49: 12.401486 | O49: 12.63498 | P49: 15.219369 | Q49: 13.999414 | R49: 14.42583 | S49: 14.082375 | T49: 13.474838 | U49: 13.01838 | V49: 13.054612 | W49: 13.69805 | X49: 14.350875 | Y49: 13.906302 | Z49: 14.486865 | AA49: 15.268523 | AB49: 15.564276 | AC49: 13.036293 | AD49: 13.509806 | AE49: 10.436173 | AF49: 10.886488 | AG49: 5.6419721 | AH49: 5.1521438 | AI49: 4.3485212 | AJ49: 1.9755567 | AK49: 3.1260676 | AL49: 7.0494094 | AM49: 5.3971929 | AN49: 6.105356 | AO49: 9.6201426 | AP49: 7.0213341 | AQ49: 5.5979644 | AR49: 7.6280165 | AS49: 5.5640078 | AT49: 5.8084772 | AU49: 5.1243406 | AV49: 3.0283008 | AW49: 7.2176685 | AX49: 8.7929571 | AY49: 7.738311 | AZ49: 12.809345 | BA49: 10.554746 | BB49: 11.290089 | BC49: 12.365518 | BD49: 13.557398 | BE49: 13.383218 | BF49: 14.244201 | BG49: 14.961444 | BH49: 13.972179 | BI49: 11.903928 | BJ49: 9.798836 | BK49: 9.1371838 | BL49: 12.430761 | BM49: 10.913981 | BN49: 12.267935 | BO49: 9.0399955 | BP49: 7.5526407 | BQ49: 7.6786507 | BR49: 7.3867422 | BS49: 8.833558 | BT49: 5.7410941 | BU49: 7.7171717 | BV49: 7.4398554 | BW49: 5.4312854 | BX49: 6.5602116 | BY49: 4.5996172 | BZ49: 5.3738956 | CA49: 3.01529 | CB49: 1.4397176 | CC49: 3.277386 | CD49: 4.793331 | CE49: 11.756718 | CF49: 7.520564 | CG49: 5.150717 | CH49: 8.6091411 | CI49: 8.6357119 | CJ49: 9.0010272 | CK49: 6.2243017 | CL49: 9.0276945 | CM49: 7.7065733 | CN49: 9.5793116 | CO49: 7.2758621 | CP49: 8.8955471 | CQ49: 8.2949309 | CR49: 9.0848743 | CS49: 10.543731 | CT49: 10.064491 | CU49: 10.404949 | CV49: 12.213147 | CW49: 10.24752 | CX49: 11.877524 | CY49: 10.139684 | CZ49: 11.61701 | DA49: 9.8562092 | DB49: 10.005664 | DC49: 12.07242 | DD49: 9.6443425 | DE49: 10.664323 | DF49: 11.511259 | DG49: 9.7646166 | DH49: 14.803862 | DI49: 12.787514 | DJ49: 12.3813
A50: 49 | B50: 사업1 | C50: 협력2 | D50: 공장3 | E50: 37623 | F50: - | G50: 정규 | H50: 거래중 | J50: 11.199207 | K50: 11.70972 | L50: 13.052738 | M50: 13.507625 | N50: 10.957119 | O50: 9.9888462 | P50: 11.106142 | Q50: 11.718546 | R50: 11.487989 | S50: 9.0681534 | T50: 9.9220722 | U50: 11.24426 | V50: 9.4452384 | W50: 9.0857708 | X50: 11.7 | Y50: 10.662359 | Z50: 9.5728095 | AA50: 10.322798 | AB50: 8.1134402 | AC50: 10.302242 | AD50: 7.512152 | AE50: 4.5843312 | AF50: 9.1942659 | AG50: 7.3239437 | AH50: 10.03861 | AI50: 4.1605482 | AJ50: 3.22364 | AK50: 2.8981086 | AL50: 6.3358565 | AM50: 10.102553 | AN50: 11.118644 | AO50: 8.5866261 | AP50: 8.5063898 | AQ50: 7.4057247 | AR50: 10.789299 | AS50: 8.9427034 | AT50: 11.345007 | AU50: 10.97786 | AV50: 8.164794 | AW50: 8.7081764 | AX50: 10.064134 | AY50: 8.7185665 | AZ50: 11.452623 | BA50: 5.2849065 | BB50: 5.2742213 | BC50: 6.619514 | BD50: 7.4639244 | BE50: 5.4235996 | BF50: 6.6352307 | BG50: 6.0438916 | BH50: 5.8950138 | BI50: 6.7565649 | BJ50: 5.8675973 | BK50: 5.0991832 | BL50: 5.4358768 | BM50: 8.3231061 | BN50: 7.8891788 | BO50: 3.9011316 | BP50: 8.3731423 | BQ50: 7.903595 | BR50: 8.4748201 | BS50: 8.8026116 | BT50: 7.2080024 | BU50: 5.8749096 | BV50: 5.3636666 | BW50: 6.4360695 | BX50: 5.3058024 | BY50: 5.0815947 | BZ50: 8.9210571 | CA50: 6.5183383 | CB50: 6.366737 | CC50: 7.3912313 | CD50: 8.8881379 | CE50: 9.075069 | CF50: 8.0125463 | CG50: 7.9088267 | CH50: 9.4418674 | CI50: 9.5144158 | CJ50: 9.1893911 | CK50: 7.2517078 | CL50: 10.351533 | CM50: 7.7675251 | CN50: 8.5698615 | CO50: 9.357319 | CP50: 8.9845274 | CQ50: 8.5862786 | CR50: 7.9253816 | CS50: 9.1382425 | CT50: 8.9128697 | CU50: 10.488058 | CV50: 10.089166 | CW50: 8.993091 | CX50: 9.8265285 | CY50: 7.8207283 | CZ50: 9.3080436 | DA50: 6.6918117 | DB50: 6.2325148 | DC50: 8.6508351 | DD50: 7.6733636 | DE50: 7.0933602 | DF50: 6.744468 | DG50: 5.5532065 | DH50: 11.166552 | DI50: 7.8592814 | DJ50: 6.2604901
A51: 50 | B51: 사업1 | C51: 협력1 | D51: 라인2 | E51: 37712 | F51: - | G51: 정규 | H51: 거래중 | J51: 7.8461538 | K51: 8.503937 | L51: 9.8222515 | M51: 10.198809 | N51: 9.0967516 | O51: 9.1654779 | P51: 10.337148 | Q51: 10.033363 | R51: 10.278895 | S51: 9.5484396 | T51: 9.7723999 | U51: 8.6222336 | V51: 9.0156458 | W51: 9.8575931 | X51: 8.6784882 | Y51: 9.6339421 | Z51: 7.3207487 | AA51: 6.5046337 | AB51: 10.11236 | AC51: 7.855127 | AD51: 8.9009214 | AE51: 7.234589 | AF51: 5.84563 | AG51: 4.6889952 | AH51: 0.55228277 | AI51: 2.5998392 | AJ51: 6.6763125 | AK51: 7.6319816 | AL51: 8.6314152 | AM51: 7.5496942 | AN51: 8.3142639 | AO51: 9.7663271 | AP51: 9.1768126 | AQ51: 6.086262 | AR51: 8.4423676 | AS51: 6.8267707 | AT51: 6.7053854 | AU51: 8.0290206 | AV51: 6.0592914 | AW51: 6.0901723 | AX51: 8.6019763 | AY51: 7.037037 | AZ51: 10.71629 | BA51: 5.7347319 | BB51: 8.3902291 | BC51: 8.2849282 | BD51: 7.985803 | BE51: 6.5860215 | BF51: 7.0235302 | BG51: 3.8502674 | BH51: 5.0386945 | BI51: 8.0064941 | BJ51: 6.8792089 | BK51: 6.3790653 | BL51: 10.519248 | BM51: 7.5563159 | BN51: 6.8287917 | BO51: 5.7197072 | BP51: 3.5992521 | BQ51: 3.7370242 | BR51: 3.0473136 | BS51: 3.3547114 | BT51: 3.1742557 | BU51: 4.9069374 | BV51: 3.0097499 | BW51: 2.3692004 | BX51: 5.2351097 | BY51: 3.2769556 | BZ51: 6.4623723 | CA51: 4.5373134 | CB51: 4.4093631 | CC51: 4.4144326 | CD51: 4.8541247 | CE51: 6.2694531 | CF51: 5.2101686 | CG51: 4.5064378 | CH51: 5.1457466 | CI51: 4.7454931 | CJ51: 6.6306862 | CK51: 2.5186567 | CL51: 5.8162405 | CM51: 3.3813114 | CN51: 4.2028019 | CO51: 3.801509 | CP51: 5.1092735 | CQ51: 6.0757684 | CR51: 6.1312608 | CS51: 7.7011759 | CT51: 7.381135 | CU51: 8.1892061 | CV51: 8.6312913 | CW51: 6.5227593 | CX51: 7.925072 | CY51: 6.4946163 | CZ51: 7.5609322 | DA51: 6.8523431 | DB51: 5.705963 | DC51: 8.7501889 | DD51: 7.3001159 | DE51: 8.4777228 | DF51: 8.7172461 | DG51: 6.102548 | DH51: 11.445179 | DI51: 8.8518281 | DJ51: 8.0360496
A52: 51 | B52: 사업1 | C52: 협력2 | D52: 공장3 | E52: 38033 | F52: - | G52: 정규 | H52: 거래중 | J52: 9.3155452 | K52: 7.5819092 | L52: 7.2111685 | M52: 8.6104191 | N52: 8.1738566 | O52: 7.8848561 | P52: 8.6460739 | Q52: 6.8593156 | R52: 5.8901293 | S52: 4.7899385 | T52: 4.9212342 | U52: 5.4351192 | V52: 4.2363253 | W52: 6.2809917 | X52: 4.6159309 | Y52: 8.0777861 | Z52: 7.0676217 | AA52: 4.8592433 | AB52: 0.93390805 | AC52: 0.11273957 | AD52: 3.0116238 | AE52: 5.8686056 | AF52: 7.9521578 | AG52: 6.8407643 | AH52: 7.1275012 | AI52: 7.7160128 | AJ52: 6.9142438 | AK52: 7.4662331 | AL52: 5.9757357 | AM52: 5.7419274 | AN52: 8.8312045 | AO52: 8.7849037 | AP52: 9.3498518 | AQ52: 9.0059149 | AR52: 9.5155509 | AS52: 8.9078875 | AT52: 8.5797382 | AU52: 9.237656 | AV52: 6.5998103 | AW52: 6.4292779 | AX52: 8.578109 | AY52: 10.844029 | AZ52: 11.296534 | BA52: 6.7281929 | BB52: 8.2040676 | BC52: 4.7137622 | BD52: 8.6961302 | BE52: 6.8354781 | BF52: 5.157198 | BG52: 4.1610738 | BH52: 4.2337507 | BI52: 4.9708982 | BJ52: 4.768177 | BK52: 3.7315511 | BL52: 6.6751701 | BM52: 7.0288435 | BN52: 4.576326 | BO52: 3.1023102 | BP52: 3.9714059 | BQ52: 0.21392454 | BR52: 2.3407845 | BS52: 3.9233303 | BT52: 2.8923077 | BU52: 4.9835526 | BV52: 3.9987974 | BW52: 2.1743037 | BX52: 4.3162299 | BY52: 2.8120575 | BZ52: 5.3522099 | CA52: 4.4190358 | CB52: 4.9187658 | CC52: 6.3133281 | CD52: 6.0730921 | CE52: 6.850508 | CF52: 5.753905 | CG52: 6.0872396 | CH52: 7.2141213 | CI52: 6.4191927 | CJ52: 6.6600199 | CK52: 4.0217602 | CL52: 7.9909047 | CM52: 5.6534396 | CN52: 6.895466 | CO52: 7.5221905 | CP52: 7.8772582 | CQ52: 7.9928529 | CR52: 7.4735881 | CS52: 6.9432918 | CT52: 6.6018158 | CU52: 8.4950184 | CV52: 8.8825644 | CW52: 8.4556348 | CX52: 9.4201987 | CY52: 6.9253438 | CZ52: 6.9877883 | DA52: 5.772452 | DB52: 5.6804374 | DC52: 5.984118 | DD52: 6.3187196 | DE52: 5.3053374 | DF52: 6.2256177 | DG52: 5.4655585 | DH52: 9.6153846 | DI52: 7.7480491 | DJ52: 6.5124119
A53: 52 | B53: 사업1 | C53: 협력1 | D53: 내장1 | E53: 39022 | F53: - | G53: 정규 | H53: 거래중 | J53: 5.653325 | K53: 6.4787784 | L53: 8.525925 | M53: 8.8316357 | N53: 7.0837513 | O53: 7.8528964 | P53: 9.6724404 | Q53: 9.8776224 | R53: 10.141083 | S53: 8.5077187 | T53: 8.6631137 | U53: 8.9526443 | V53: 9.6208484 | W53: 9.5245915 | X53: 9.6025355 | Y53: 8.8990302 | Z53: 10.09418 | AA53: 6.9853678 | AB53: 6.9171853 | AC53: 6.7592081 | AD53: 5.746098 | AE53: 3.5853709 | AF53: 4.3712575 | AG53: 3.5331094 | AH53: 3.3617146 | AI53: 3.9910202 | AJ53: 3.4245735 | AK53: 3.3949835 | AL53: 3.8061297 | AM53: 6.9997292 | AN53: 7.6579926 | AO53: 6.2221515 | AP53: 4.178314 | AQ53: 6.1375113 | AR53: 6.0147059 | AS53: 4.2952128 | AT53: 3.8189533 | AU53: 3.4372391 | AV53: 3.4210861 | AW53: 4.5147623 | AX53: 5.8196357 | AY53: 6.2341108 | AZ53: 8.1891741 | BA53: 4.5969442 | BB53: 6.2795557 | BC53: 4.1795298 | BD53: 5.8473036 | BE53: 5.9139785 | BF53: 7.7769347 | BG53: 7.0483844 | BH53: 7.7838684 | BI53: 8.7888606 | BJ53: 6.8667255 | BK53: 7.0280393 | BL53: 10.295783 | BM53: 7.9318414 | BN53: 7.408316 | BO53: 6.2998151 | BP53: 6.9670998 | BQ53: 6.7965685 | BR53: 6.5710786 | BS53: 5.8594233 | BT53: 4.2619228 | BU53: 3.3901896 | BV53: 3.3094373 | BW53: 3.4038441 | BX53: 5.2344166 | BY53: 2.9960578 | BZ53: 5.5246658 | CA53: 3.1060336 | CB53: 3.5964815 | CC53: 4.8665439 | CD53: 5.9181346 | CE53: 7.2688402 | CF53: 4.4458281 | CG53: 4.091306 | CH53: 3.5110533 | CI53: 3.2702238 | CJ53: 3.1020084 | CK53: 2.8673835 | CL53: 4.0585182 | CM53: 3.9078856 | CN53: 5.8454558 | CO53: 5.4782218 | CP53: 6.2759029 | CQ53: 6.7039771 | CR53: 7.1304993 | CS53: 8.0311191 | CT53: 7.145534 | CU53: 7.6882639 | CV53: 8.7002895 | CW53: 7.1488178 | CX53: 10.217143 | CY53: 6.6645237 | CZ53: 8.1698221 | DA53: 6.4993054 | DB53: 8.7492234 | DC53: 8.3749041 | DD53: 8.172043 | DE53: 7.694519 | DF53: 8.5658597 | DG53: 6.4067398 | DH53: 10.73006 | DI53: 10.275424 | DJ53: 9.2932766
A54: 53 | B54: 사업1 | C54: 협력1 | D54: 외장1 | E54: 39188 | F54: - | G54: 정규 | H54: 거래중 | J54: 9.6560048 | K54: 10.088022 | L54: 10.152827 | M54: 10.866592 | N54: 9.0520805 | O54: 9.9148043 | P54: 9.8469307 | Q54: 9.7495244 | R54: 9.5738013 | S54: 8.6879953 | T54: 8.1694162 | U54: 8.1349206 | V54: 8.3472176 | W54: 7.9314932 | X54: 8.5735133 | Y54: 8.5783133 | Z54: 9.8076641 | AA54: 8.7782157 | AB54: 7.07018 | AC54: 6.0680237 | AD54: 8.2566324 | AE54: 6.1645371 | AF54: 5.3797087 | AG54: 5.0434987 | AH54: 6.7093069 | AI54: 6.471147 | AJ54: 4.6852335 | AK54: 7.8078467 | AL54: 6.1115355 | AM54: 6.4649877 | AN54: 7.8349391 | AO54: 6.0684872 | AP54: 5.8690013 | AQ54: 6.323185 | AR54: 7.4532428 | AS54: 7.3594549 | AT54: 7.2792763 | AU54: 9.2755622 | AV54: 7.5247724 | AW54: 7.33077 | AX54: 9.6693732 | AY54: 8.2981504 | AZ54: 10.542114 | BA54: 7.4524283 | BB54: 9.4277173 | BC54: 8.2632617 | BD54: 6.5483615 | BE54: 6.7551339 | BF54: 6.6251963 | BG54: 7.2253898 | BH54: 6.7300358 | BI54: 6.6272832 | BJ54: 7.0960187 | BK54: 7.76825 | BL54: 7.4905329 | BM54: 8.4715784 | BN54: 6.5656566 | BO54: 5.112202 | BP54: 2.9568867 | BQ54: 4.5636378 | BR54: 5.0037717 | BS54: 6.0851927 | BT54: 4.6668521 | BU54: 2.4965956 | BV54: 4.8258464 | BW54: 5.856196 | BX54: 5.3906436 | BY54: 6.4028056 | BZ54: 7.5602566 | CA54: 4.0489642 | CB54: 4.2013476 | CC54: 4.9185036 | CD54: 5.1993676 | CE54: 5.5662781 | CF54: 4.7500402 | CG54: 5.5521566 | CH54: 6.4613192 | CI54: 7.1450665 | CJ54: 7.9066868 | CK54: 5.2562875 | CL54: 7.0854013 | CM54: 5.0445603 | CN54: 5.6666667 | CO54: 5.9794349 | CP54: 6.9082126 | CQ54: 7.4843927 | CR54: 7.0234375 | CS54: 7.6789963 | CT54: 7.22296 | CU54: 7.8371539 | CV54: 7.6575009 | CW54: 6.7664819 | CX54: 8.8718371 | CY54: 6.4559087 | CZ54: 7.4151244 | DA54: 6.0446274 | DB54: 6.3241992 | DC54: 6.1002179 | DD54: 6.1078708 | DE54: 7.2312622 | DF54: 6.2894888 | DG54: 5.6551551 | DH54: 10.55226 | DI54: 9.6686895 | DJ54: 7.4594595
A55: 54 | B55: 사업1 | C55: 협력1 | D55: 라인2 | E55: 39479 | F55: - | G55: 정규 | H55: 거래중 | J55: 10.295998 | K55: 10.626487 | L55: 10.01845 | M55: 10.697182 | N55: 8.7162829 | O55: 8.7216759 | P55: 11.471359 | Q55: 10.897638 | R55: 7.5029236 | S55: 7.5204258 | T55: 8.8720437 | U55: 8.2939297 | V55: 9.4176413 | W55: 10.004476 | X55: 9.1823816 | Y55: 8.5753964 | Z55: 7.3931978 | AA55: 5.9584828 | AB55: 5.8577406 | AC55: 6.0012941 | AD55: 7.5715605 | AE55: 3.834261 | AF55: 3.3091711 | AG55: 0.034812881 | AH55: 0.85777532 | AI55: 2.2133221 | AJ55: 4.2294889 | AK55: 3.7592397 | AL55: 4.5667947 | AM55: 1.3394129 | AN55: 2.705314 | AO55: 2.2815159 | AP55: 3.3926772 | AQ55: 2.5998732 | AR55: 2.2533288 | AS55: 1.9774787 | AT55: 4.0037028 | AU55: 6.4729027 | AV55: 5.5070131 | AW55: 5.9406913 | AX55: 8.2296651 | AY55: 5.9776814 | AZ55: 8.6157135 | BA55: 4.8944234 | BB55: 8.3860633 | BC55: 8.1684307 | BD55: 8.1707766 | BE55: 7.0546007 | BF55: 8.085917 | BG55: 7.5164463 | BH55: 7.0593208 | BI55: 7.0094322 | BJ55: 5.3516391 | BK55: 4.9337332 | BL55: 7.2215585 | BM55: 5.4653577 | BN55: 6.9905417 | BO55: 5.7080799 | BP55: 4.4386423 | BQ55: 4.9927722 | BR55: 4.4550409 | BS55: 4.5005922 | BT55: 3.0429927 | BU55: 4.3909825 | BV55: 3.2589016 | BW55: 3.8737446 | BX55: 5.9055937 | BY55: 3.8335581 | BZ55: 1.8935619 | CA55: 1.0166521 | CB55: 2.7052985 | CC55: 3.6756028 | CD55: 4.370229 | CE55: 5.6905158 | CF55: 3.4888889 | CG55: 4.0130152 | CH55: 4.6991742 | CI55: 2.6501035 | CJ55: 3.5450868 | CK55: 2.9822732 | CL55: 6.2076749 | CM55: 3.582702 | CN55: 3.7243642 | CO55: 3.8268507 | CP55: 4.4700793 | CQ55: 5.1084475 | CR55: 6.8527177 | CS55: 7.6623377 | CT55: 6.3061016 | CU55: 6.6349555 | CV55: 8.4070155 | CW55: 7.1036054 | CX55: 9.0256755 | CY55: 6.8665839 | CZ55: 7.4536219 | DA55: 6.5850212 | DB55: 7.1966182 | DC55: 9.1649326 | DD55: 8.9672544 | DE55: 8.8862559 | DF55: 9.0693304 | DG55: 6.4446831 | DH55: 11.02582 | DI55: 10.250474 | DJ55: 9.7658756
A56: 55 | B56: 사업1 | C56: 협력3 | D56: 외장3 | E56: 39615 | F56: - | G56: 정규 | H56: 거래중 | J56: 11.137129 | K56: 10.686542 | L56: 11.146463 | M56: 12.43088 | N56: 11.096404 | O56: 11.816027 | P56: 13.36346 | Q56: 11.821452 | R56: 12.020392 | S56: 11.087633 | T56: 12.517851 | U56: 12.990125 | V56: 12.194354 | W56: 11.998643 | X56: 13.017159 | Y56: 13.505126 | Z56: 12.569294 | AA56: 12.710887 | AB56: 12.665851 | AC56: 8.0611855 | AD56: 3.6285603 | AE56: 3.1709366 | AF56: 7.6032013 | AG56: 2.0174411 | AH56: 2.3531525 | AI56: 5.7098948 | AJ56: 6.6956432 | AK56: 7.3013312 | AL56: 10.115576 | AM56: 8.1031533 | AN56: 9.9698896 | AO56: 13.358399 | AP56: 9.7136772 | AQ56: 10.187379 | AR56: 11.864563 | AS56: 8.3300819 | AT56: 10 | AU56: 10.252996 | AV56: 9.5014831 | AW56: 9.3776641 | AX56: 11.600508 | AY56: 10.27977 | AZ56: 12.393661 | BA56: 7.5283324 | BB56: 10.596116 | BC56: 12.461563 | BD56: 12.904632 | BE56: 12.03966 | BF56: 12.039582 | BG56: 11.197504 | BH56: 11.166546 | BI56: 10.416777 | BJ56: 10.031487 | BK56: 10.03037 | BL56: 11.472623 | BM56: 11.225855 | BN56: 11.534679 | BO56: 9.7191543 | BP56: 7.1191538 | BQ56: 7.5615441 | BR56: 7.6242236 | BS56: 10.481605 | BT56: 6.5186949 | BU56: 7.6882371 | BV56: 7.3123487 | BW56: 8.3443098 | BX56: 8.9181921 | BY56: 5.2692686 | BZ56: 6.3229824 | CA56: 5.3129257 | CB56: 4.4380207 | CC56: 6.9990577 | CD56: 7.9159337 | CE56: 9.3129109 | CF56: 8.302494 | CG56: 8.3603896 | CH56: 7.8818595 | CI56: 6.7514206 | CJ56: 6.905086 | CK56: 5.2121658 | CL56: 7.6447382 | CM56: 7.6895242 | CN56: 9.3781942 | CO56: 9.0821256 | CP56: 10.547888 | CQ56: 11.404064 | CR56: 10.239194 | CS56: 11.538173 | CT56: 10.793554 | CU56: 11.033932 | CV56: 12.84032 | CW56: 10.543021 | CX56: 12.509144 | CY56: 8.4748478 | CZ56: 11.676156 | DA56: 9.8984013 | DB56: 10.133104 | DC56: 12.01134 | DD56: 10.033727 | DE56: 11.856474 | DF56: 13.466697 | DG56: 10.341144 | DH56: 15.283361 | DI56: 13.767951 | DJ56: 13.755825
